epoch,step,train_loss_epoch,train_loss_step,val_MAE,val_MAPE,val_RMSE,val_SMAPE,val_loss
0,49,,332.1936340332031,,,,,
0,99,,217.88323974609375,,,,,
0,149,,222.64366149902344,,,,,
0,199,,220.7927703857422,,,,,
0,249,,152.35247802734375,,,,,
0,299,,142.275634765625,,,,,
0,349,,111.45596313476562,,,,,
0,399,,128.3421173095703,,,,,
0,449,,136.01260375976562,,,,,
0,499,,149.59942626953125,,,,,
0,549,,129.9807891845703,,,,,
0,599,,239.46405029296875,,,,,
0,649,,181.8838348388672,,,,,
0,699,,80.3741226196289,,,,,
0,749,,74.42583465576172,,,,,
0,799,,116.15673065185547,,,,,
0,849,,339.8973388671875,,,,,
0,899,,84.41997528076172,,,,,
0,949,,84.97246551513672,,,,,
0,999,,136.0703887939453,,,,,
0,1049,,94.9745864868164,,,,,
0,1099,,193.6313934326172,,,,,
0,1149,,89.69156646728516,,,,,
0,1199,,95.78247833251953,,,,,
0,1249,,178.29022216796875,,,,,
0,1299,,140.1508026123047,,,,,
0,1349,,124.22359466552734,,,,,
0,1399,,189.4152374267578,,,,,
0,1449,,80.7549057006836,,,,,
0,1499,,111.00814056396484,,,,,
0,1549,,97.35694122314453,,,,,
0,1599,,73.337890625,,,,,
0,1649,,85.30420684814453,,,,,
0,1699,,92.8394775390625,,,,,
0,1749,,157.52781677246094,,,,,
0,1799,,80.18216705322266,,,,,
0,1849,,234.6319122314453,,,,,
0,1899,,79.21597290039062,,,,,
0,1949,,87.7301254272461,,,,,
0,1999,,101.31058502197266,,,,,
0,2049,,155.50440979003906,,,,,
0,2099,,118.4506607055664,,,,,
0,2149,,76.44481658935547,,,,,
0,2199,,98.4505844116211,,,,,
0,2249,,171.89491271972656,,,,,
0,2299,,139.5621795654297,,,,,
0,2349,,148.28009033203125,,,,,
0,2399,,109.4200668334961,,,,,
0,2449,,104.6162109375,,,,,
0,2499,,96.61681365966797,,,,,
0,2549,,102.2005844116211,,,,,
0,2599,,125.45361328125,,,,,
0,2649,,99.37751007080078,,,,,
0,2699,,131.0003662109375,,,,,
0,2749,,82.14693450927734,,,,,
0,2799,,124.5935287475586,,,,,
0,2849,,120.1187515258789,,,,,
0,2899,,88.20309448242188,,,,,
0,2949,,88.06946563720703,,,,,
0,2999,,79.74346923828125,,,,,
0,3049,,70.96560668945312,,,,,
0,3099,,371.8446350097656,,,,,
0,3149,,66.3620834350586,,,,,
0,3199,,68.82514953613281,,,,,
0,3249,,151.33326721191406,,,,,
0,3299,,137.4425811767578,,,,,
0,3349,,113.4677505493164,,,,,
0,3399,,198.7528076171875,,,,,
0,3449,,101.06069946289062,,,,,
0,3499,,68.40939331054688,,,,,
0,3549,,170.1194305419922,,,,,
0,3599,,153.9486083984375,,,,,
0,3649,,85.48394012451172,,,,,
0,3699,,152.829833984375,,,,,
0,3749,,114.4395751953125,,,,,
0,3799,,103.66728973388672,,,,,
0,3849,,157.15338134765625,,,,,
0,3899,,140.20704650878906,,,,,
0,3949,,77.91796875,,,,,
0,3999,,84.9084701538086,,,,,
0,4049,,88.17887115478516,,,,,
0,4099,,77.35602569580078,,,,,
0,4149,,82.6658935546875,,,,,
0,4199,,112.7513656616211,,,,,
0,4249,,121.88580322265625,,,,,
0,4299,,142.85093688964844,,,,,
0,4349,,84.6076889038086,,,,,
0,4399,,173.08189392089844,,,,,
0,4449,,166.66383361816406,,,,,
0,4499,,74.02542877197266,,,,,
0,4549,,234.4901580810547,,,,,
0,4599,,140.46678161621094,,,,,
0,4649,,64.25261688232422,,,,,
0,4699,,72.32962036132812,,,,,
0,4749,,193.2750701904297,,,,,
0,4799,,91.27059173583984,,,,,
0,4849,,147.67823791503906,,,,,
0,4899,,69.78582763671875,,,,,
0,4949,,56.6684455871582,,,,,
0,4999,,49.07145690917969,,,,,
0,5049,,141.88600158691406,,,,,
0,5099,,128.95596313476562,,,,,
0,5149,,100.7747573852539,,,,,
0,5199,,89.63008880615234,,,,,
0,5249,,97.1665267944336,,,,,
0,5299,,100.3017807006836,,,,,
0,5349,,322.7609558105469,,,,,
0,5399,,85.67790985107422,,,,,
0,5449,,271.3331604003906,,,,,
0,5499,,89.287109375,,,,,
0,5549,,153.6617889404297,,,,,
0,5599,,72.4781494140625,,,,,
0,5649,,76.51974487304688,,,,,
0,5699,,96.41133880615234,,,,,
0,5749,,121.11157989501953,,,,,
0,5799,,95.5633316040039,,,,,
0,5849,,90.21466064453125,,,,,
0,5899,,228.7225341796875,,,,,
0,5949,,233.88671875,,,,,
0,5999,,77.37382507324219,,,,,
0,6049,,80.60833740234375,,,,,
0,6099,,94.4471435546875,,,,,
0,6149,,106.61226654052734,,,,,
0,6199,,90.15721893310547,,,,,
0,6249,,134.6614227294922,,,,,
0,6299,,299.5816955566406,,,,,
0,6349,,84.3958969116211,,,,,
0,6399,,152.55799865722656,,,,,
0,6449,,61.73707962036133,,,,,
0,6499,,92.795166015625,,,,,
0,6549,,76.0535659790039,,,,,
0,6599,,78.9885025024414,,,,,
0,6649,,94.69467163085938,,,,,
0,6699,,318.66986083984375,,,,,
0,6749,,228.74220275878906,,,,,
0,6799,,117.8836669921875,,,,,
0,6849,,113.63128662109375,,,,,
0,6899,,245.07391357421875,,,,,
0,6949,,214.84033203125,,,,,
0,6999,,61.01529312133789,,,,,
0,7049,,63.974822998046875,,,,,
0,7099,,65.5631332397461,,,,,
0,7149,,62.99885559082031,,,,,
0,7199,,122.2798843383789,,,,,
0,7249,,65.07340240478516,,,,,
0,7299,,185.82640075683594,,,,,
0,7349,,74.98611450195312,,,,,
0,7399,,109.51253509521484,,,,,
0,7449,,194.8483123779297,,,,,
0,7499,,62.9024658203125,,,,,
0,7549,,56.808841705322266,,,,,
0,7599,,142.10716247558594,,,,,
0,7649,,92.78875732421875,,,,,
0,7699,,200.9331817626953,,,,,
0,7749,,86.87052154541016,,,,,
0,7799,,305.1452331542969,,,,,
0,7849,,223.39154052734375,,,,,
0,7899,,68.03054809570312,,,,,
0,7949,,97.79095458984375,,,,,
0,7982,,,61.89115524291992,31950.466796875,87.89297485351562,0.1355242133140564,44.96653366088867
0,7982,146.43890380859375,,,,,,
1,7999,,85.34466552734375,,,,,
1,8049,,107.72006225585938,,,,,
1,8099,,118.27574920654297,,,,,
1,8149,,319.6169128417969,,,,,
1,8199,,109.73026275634766,,,,,
1,8249,,57.84428024291992,,,,,
1,8299,,98.61772918701172,,,,,
1,8349,,289.5105285644531,,,,,
1,8399,,87.14603424072266,,,,,
1,8449,,73.14466094970703,,,,,
1,8499,,58.02767562866211,,,,,
1,8549,,87.28311920166016,,,,,
1,8599,,133.2218017578125,,,,,
1,8649,,88.23251342773438,,,,,
1,8699,,88.72261810302734,,,,,
1,8749,,68.53215026855469,,,,,
1,8799,,99.5469741821289,,,,,
1,8849,,84.20578002929688,,,,,
1,8899,,77.99240112304688,,,,,
1,8949,,60.65022659301758,,,,,
1,8999,,143.8507537841797,,,,,
1,9049,,110.84814453125,,,,,
1,9099,,67.77889251708984,,,,,
1,9149,,78.67254638671875,,,,,
1,9199,,71.61041259765625,,,,,
1,9249,,63.3450927734375,,,,,
1,9299,,411.9462890625,,,,,
1,9349,,59.31134033203125,,,,,
1,9399,,57.52421951293945,,,,,
1,9449,,68.8587417602539,,,,,
1,9499,,94.9918212890625,,,,,
1,9549,,107.82439422607422,,,,,
1,9599,,122.18875122070312,,,,,
1,9649,,120.583740234375,,,,,
1,9699,,73.21231842041016,,,,,
1,9749,,56.58852767944336,,,,,
1,9799,,97.6942367553711,,,,,
1,9849,,53.200069427490234,,,,,
1,9899,,78.46886444091797,,,,,
1,9949,,145.18540954589844,,,,,
1,9999,,107.03816986083984,,,,,
1,10049,,109.87882232666016,,,,,
1,10099,,106.82349395751953,,,,,
1,10149,,87.39139556884766,,,,,
1,10199,,245.99305725097656,,,,,
1,10249,,84.48882293701172,,,,,
1,10299,,203.0131378173828,,,,,
1,10349,,95.36160278320312,,,,,
1,10399,,151.9770965576172,,,,,
1,10449,,229.1006317138672,,,,,
1,10499,,110.1955337524414,,,,,
1,10549,,129.5777130126953,,,,,
1,10599,,102.47673797607422,,,,,
1,10649,,91.82288360595703,,,,,
1,10699,,62.61030197143555,,,,,
1,10749,,67.19730377197266,,,,,
1,10799,,112.39832305908203,,,,,
1,10849,,458.845458984375,,,,,
1,10899,,119.90767669677734,,,,,
1,10949,,108.81790924072266,,,,,
1,10999,,92.1254653930664,,,,,
1,11049,,82.6686782836914,,,,,
1,11099,,105.8401870727539,,,,,
1,11149,,100.97994232177734,,,,,
1,11199,,71.00677490234375,,,,,
1,11249,,99.95679473876953,,,,,
1,11299,,145.2517852783203,,,,,
1,11349,,68.83460235595703,,,,,
1,11399,,72.33806610107422,,,,,
1,11449,,80.45366668701172,,,,,
1,11499,,98.91948699951172,,,,,
1,11549,,127.65840911865234,,,,,
1,11599,,166.64215087890625,,,,,
1,11649,,84.09674835205078,,,,,
1,11699,,72.96741485595703,,,,,
1,11749,,94.5638198852539,,,,,
1,11799,,82.95523834228516,,,,,
1,11849,,73.61063385009766,,,,,
1,11899,,88.78374481201172,,,,,
1,11949,,70.41419982910156,,,,,
1,11999,,124.53359985351562,,,,,
1,12049,,76.1585693359375,,,,,
1,12099,,93.84771728515625,,,,,
1,12149,,116.71356201171875,,,,,
1,12199,,137.4569854736328,,,,,
1,12249,,195.8011932373047,,,,,
1,12299,,92.69631958007812,,,,,
1,12349,,104.64511108398438,,,,,
1,12399,,127.48941040039062,,,,,
1,12449,,74.84368133544922,,,,,
1,12499,,113.15763092041016,,,,,
1,12549,,309.8688049316406,,,,,
1,12599,,60.903263092041016,,,,,
1,12649,,74.32330322265625,,,,,
1,12699,,439.6448669433594,,,,,
1,12749,,63.93815994262695,,,,,
1,12799,,110.923828125,,,,,
1,12849,,97.9271469116211,,,,,
1,12899,,60.731693267822266,,,,,
1,12949,,60.69430160522461,,,,,
1,12999,,270.9307556152344,,,,,
1,13049,,70.4864730834961,,,,,
1,13099,,95.08373260498047,,,,,
1,13149,,110.8732681274414,,,,,
1,13199,,75.02288055419922,,,,,
1,13249,,143.81900024414062,,,,,
1,13299,,325.8729553222656,,,,,
1,13349,,77.34801483154297,,,,,
1,13399,,95.57662200927734,,,,,
1,13449,,99.84752655029297,,,,,
1,13499,,156.3304901123047,,,,,
1,13549,,87.17416381835938,,,,,
1,13599,,87.22614288330078,,,,,
1,13649,,99.0927734375,,,,,
1,13699,,137.5125274658203,,,,,
1,13749,,77.7350082397461,,,,,
1,13799,,184.7778778076172,,,,,
1,13849,,86.7444839477539,,,,,
1,13899,,125.84671020507812,,,,,
1,13949,,59.436580657958984,,,,,
1,13999,,89.73990631103516,,,,,
1,14049,,184.6856231689453,,,,,
1,14099,,93.22553253173828,,,,,
1,14149,,391.6171875,,,,,
1,14199,,104.5076675415039,,,,,
1,14249,,78.90160369873047,,,,,
1,14299,,243.27099609375,,,,,
1,14349,,141.52944946289062,,,,,
1,14399,,73.0245361328125,,,,,
1,14449,,197.2903289794922,,,,,
1,14499,,43.5614013671875,,,,,
1,14549,,82.50867462158203,,,,,
1,14599,,190.4766845703125,,,,,
1,14649,,178.7338104248047,,,,,
1,14699,,51.35642623901367,,,,,
1,14749,,158.57615661621094,,,,,
1,14799,,140.58135986328125,,,,,
1,14849,,59.343936920166016,,,,,
1,14899,,134.5670928955078,,,,,
1,14949,,100.6601333618164,,,,,
1,14999,,69.06451416015625,,,,,
1,15049,,62.77079391479492,,,,,
1,15099,,61.217987060546875,,,,,
1,15149,,77.9767837524414,,,,,
1,15199,,191.68284606933594,,,,,
1,15249,,57.8046760559082,,,,,
1,15299,,52.25059127807617,,,,,
1,15349,,108.9052505493164,,,,,
1,15399,,171.57867431640625,,,,,
1,15449,,119.8158950805664,,,,,
1,15499,,99.66777801513672,,,,,
1,15549,,118.54348754882812,,,,,
1,15599,,58.263519287109375,,,,,
1,15649,,105.3435287475586,,,,,
1,15699,,210.90245056152344,,,,,
1,15749,,59.143070220947266,,,,,
1,15799,,70.83615112304688,,,,,
1,15849,,64.17381286621094,,,,,
1,15899,,66.04141235351562,,,,,
1,15949,,256.9042663574219,,,,,
1,15965,,,59.100341796875,49295.05859375,82.65351867675781,0.12296902388334274,42.36528778076172
1,15965,123.73419952392578,,,,,,
2,15999,,63.68168258666992,,,,,
2,16049,,287.5335388183594,,,,,
2,16099,,91.8197250366211,,,,,
2,16149,,133.91636657714844,,,,,
2,16199,,69.9046859741211,,,,,
2,16249,,88.93941497802734,,,,,
2,16299,,63.23372268676758,,,,,
2,16349,,267.4365539550781,,,,,
2,16399,,58.24832534790039,,,,,
2,16449,,111.31369018554688,,,,,
2,16499,,76.20889282226562,,,,,
2,16549,,90.46651458740234,,,,,
2,16599,,78.00789642333984,,,,,
2,16649,,267.9063720703125,,,,,
2,16699,,98.70824432373047,,,,,
2,16749,,121.64237213134766,,,,,
2,16799,,136.79835510253906,,,,,
2,16849,,60.37770462036133,,,,,
2,16899,,135.33775329589844,,,,,
2,16949,,63.83577346801758,,,,,
2,16999,,70.75423431396484,,,,,
2,17049,,58.3129768371582,,,,,
2,17099,,97.64151763916016,,,,,
2,17149,,55.88338088989258,,,,,
2,17199,,106.8416748046875,,,,,
2,17249,,94.05380249023438,,,,,
2,17299,,70.73285675048828,,,,,
2,17349,,134.046142578125,,,,,
2,17399,,52.6538200378418,,,,,
2,17449,,158.01246643066406,,,,,
2,17499,,281.9471130371094,,,,,
2,17549,,151.80197143554688,,,,,
2,17599,,150.65040588378906,,,,,
2,17649,,84.0896987915039,,,,,
2,17699,,70.06951904296875,,,,,
2,17749,,66.91748809814453,,,,,
2,17799,,149.78289794921875,,,,,
2,17849,,109.35005950927734,,,,,
2,17899,,89.61530303955078,,,,,
2,17949,,67.11833953857422,,,,,
2,17999,,99.2315673828125,,,,,
2,18049,,66.12445831298828,,,,,
2,18099,,59.4025993347168,,,,,
2,18149,,349.4102783203125,,,,,
2,18199,,47.3636589050293,,,,,
2,18249,,53.60860061645508,,,,,
2,18299,,126.1064682006836,,,,,
2,18349,,80.17083740234375,,,,,
2,18399,,85.8969955444336,,,,,
2,18449,,87.2900161743164,,,,,
2,18499,,88.6058120727539,,,,,
2,18549,,87.35099029541016,,,,,
2,18599,,115.16033935546875,,,,,
2,18649,,79.68833923339844,,,,,
2,18699,,52.74888229370117,,,,,
2,18749,,128.895263671875,,,,,
2,18799,,65.88668060302734,,,,,
2,18849,,63.91375732421875,,,,,
2,18899,,236.8267059326172,,,,,
2,18949,,62.5361442565918,,,,,
2,18999,,135.16896057128906,,,,,
2,19049,,55.13335037231445,,,,,
2,19099,,92.4472885131836,,,,,
2,19149,,241.0764923095703,,,,,
2,19199,,96.15863037109375,,,,,
2,19249,,86.71340942382812,,,,,
2,19299,,93.16378021240234,,,,,
2,19349,,76.21932220458984,,,,,
2,19399,,63.98140335083008,,,,,
2,19449,,75.38311767578125,,,,,
2,19499,,70.09591674804688,,,,,
2,19549,,137.5995635986328,,,,,
2,19599,,97.9709701538086,,,,,
2,19649,,59.44160079956055,,,,,
2,19699,,73.74748992919922,,,,,
2,19749,,69.72560119628906,,,,,
2,19799,,94.05835723876953,,,,,
2,19849,,61.70443344116211,,,,,
2,19899,,77.07865142822266,,,,,
2,19949,,91.59661102294922,,,,,
2,19999,,179.7416534423828,,,,,
2,20049,,59.065067291259766,,,,,
2,20099,,83.4985580444336,,,,,
2,20149,,70.17692565917969,,,,,
2,20199,,127.57568359375,,,,,
2,20249,,157.89529418945312,,,,,
2,20299,,95.9891128540039,,,,,
2,20349,,535.476318359375,,,,,
2,20399,,144.77122497558594,,,,,
2,20449,,75.83867645263672,,,,,
2,20499,,52.981327056884766,,,,,
2,20549,,66.31690979003906,,,,,
2,20599,,89.9925537109375,,,,,
2,20649,,78.08275604248047,,,,,
2,20699,,47.15517044067383,,,,,
2,20749,,67.79621124267578,,,,,
2,20799,,402.6070556640625,,,,,
2,20849,,357.6255187988281,,,,,
2,20899,,72.21637725830078,,,,,
2,20949,,82.13249206542969,,,,,
2,20999,,172.52635192871094,,,,,
2,21049,,66.97262573242188,,,,,
2,21099,,58.6030387878418,,,,,
2,21149,,282.7384338378906,,,,,
2,21199,,76.3658218383789,,,,,
2,21249,,97.85128021240234,,,,,
2,21299,,94.69385528564453,,,,,
2,21349,,60.0444450378418,,,,,
2,21399,,105.2027359008789,,,,,
2,21449,,132.8899383544922,,,,,
2,21499,,61.86662292480469,,,,,
2,21549,,137.84950256347656,,,,,
2,21599,,78.41829681396484,,,,,
2,21649,,90.17770385742188,,,,,
2,21699,,124.9034652709961,,,,,
2,21749,,97.5323715209961,,,,,
2,21799,,65.71136474609375,,,,,
2,21849,,71.99237823486328,,,,,
2,21899,,85.9146957397461,,,,,
2,21949,,75.29261016845703,,,,,
2,21999,,80.4629135131836,,,,,
2,22049,,150.3507537841797,,,,,
2,22099,,94.71007537841797,,,,,
2,22149,,77.63976287841797,,,,,
2,22199,,106.98482513427734,,,,,
2,22249,,203.1905517578125,,,,,
2,22299,,105.2453842163086,,,,,
2,22349,,224.2882080078125,,,,,
2,22399,,54.059696197509766,,,,,
2,22449,,158.95411682128906,,,,,
2,22499,,72.32697296142578,,,,,
2,22549,,52.258792877197266,,,,,
2,22599,,194.5287322998047,,,,,
2,22649,,55.86248779296875,,,,,
2,22699,,126.52677154541016,,,,,
2,22749,,136.79747009277344,,,,,
2,22799,,335.52520751953125,,,,,
2,22849,,70.39986419677734,,,,,
2,22899,,95.52725982666016,,,,,
2,22949,,138.7399444580078,,,,,
2,22999,,55.39682388305664,,,,,
2,23049,,81.29646301269531,,,,,
2,23099,,91.03265380859375,,,,,
2,23149,,100.135498046875,,,,,
2,23199,,75.42127990722656,,,,,
2,23249,,80.2957763671875,,,,,
2,23299,,99.66519165039062,,,,,
2,23349,,111.05553436279297,,,,,
2,23399,,117.36055755615234,,,,,
2,23449,,97.594970703125,,,,,
2,23499,,138.77354431152344,,,,,
2,23549,,82.52729797363281,,,,,
2,23599,,55.55189895629883,,,,,
2,23649,,188.904052734375,,,,,
2,23699,,62.86703872680664,,,,,
2,23749,,92.8990478515625,,,,,
2,23799,,116.85648345947266,,,,,
2,23849,,119.96503448486328,,,,,
2,23899,,70.61505126953125,,,,,
2,23948,,,56.957523345947266,50804.10546875,81.3072280883789,0.12285863608121872,41.30465316772461
2,23948,116.91108703613281,,,,,,
3,23949,,116.1702880859375,,,,,
3,23999,,144.4463348388672,,,,,
3,24049,,120.4337158203125,,,,,
3,24099,,80.66169738769531,,,,,
3,24149,,65.53478240966797,,,,,
3,24199,,62.63398361206055,,,,,
3,24249,,238.0612335205078,,,,,
3,24299,,91.91922760009766,,,,,
3,24349,,74.90523529052734,,,,,
3,24399,,55.08485794067383,,,,,
3,24449,,92.0726089477539,,,,,
3,24499,,127.52188873291016,,,,,
3,24549,,71.32738494873047,,,,,
3,24599,,107.68109130859375,,,,,
3,24649,,87.1106185913086,,,,,
3,24699,,108.1903076171875,,,,,
3,24749,,89.98331451416016,,,,,
3,24799,,72.7813491821289,,,,,
3,24849,,62.02891159057617,,,,,
3,24899,,113.3365707397461,,,,,
3,24949,,293.0144958496094,,,,,
3,24999,,145.50856018066406,,,,,
3,25049,,57.8434944152832,,,,,
3,25099,,119.49369049072266,,,,,
3,25149,,131.79000854492188,,,,,
3,25199,,80.8758544921875,,,,,
3,25249,,91.31988525390625,,,,,
3,25299,,177.1414031982422,,,,,
3,25349,,289.6944580078125,,,,,
3,25399,,92.33277130126953,,,,,
3,25449,,72.53327941894531,,,,,
3,25499,,66.97297668457031,,,,,
3,25549,,192.85304260253906,,,,,
3,25599,,111.16495513916016,,,,,
3,25649,,88.30745697021484,,,,,
3,25699,,67.5830307006836,,,,,
3,25749,,78.18119049072266,,,,,
3,25799,,205.4632568359375,,,,,
3,25849,,85.64923095703125,,,,,
3,25899,,63.03446578979492,,,,,
3,25949,,60.24525833129883,,,,,
3,25999,,86.82122802734375,,,,,
3,26049,,67.47843933105469,,,,,
3,26099,,68.05035400390625,,,,,
3,26149,,59.25578689575195,,,,,
3,26199,,125.47625732421875,,,,,
3,26249,,180.7278289794922,,,,,
3,26299,,71.74169158935547,,,,,
3,26349,,78.30825805664062,,,,,
3,26399,,90.81951904296875,,,,,
3,26449,,89.47196197509766,,,,,
3,26499,,114.32747650146484,,,,,
3,26549,,113.8644027709961,,,,,
3,26599,,96.41146087646484,,,,,
3,26649,,160.12416076660156,,,,,
3,26699,,133.8624725341797,,,,,
3,26749,,65.21511840820312,,,,,
3,26799,,131.6839599609375,,,,,
3,26849,,134.34361267089844,,,,,
3,26899,,80.9476089477539,,,,,
3,26949,,146.0491485595703,,,,,
3,26999,,58.8537712097168,,,,,
3,27049,,96.85897064208984,,,,,
3,27099,,74.95604705810547,,,,,
3,27149,,129.7899932861328,,,,,
3,27199,,64.46273040771484,,,,,
3,27249,,219.6011199951172,,,,,
3,27299,,61.62126541137695,,,,,
3,27349,,90.93163299560547,,,,,
3,27399,,166.70672607421875,,,,,
3,27449,,59.398563385009766,,,,,
3,27499,,88.3165512084961,,,,,
3,27549,,74.4438705444336,,,,,
3,27599,,171.5363006591797,,,,,
3,27649,,79.39266967773438,,,,,
3,27699,,76.82630157470703,,,,,
3,27749,,50.30295944213867,,,,,
3,27799,,115.43170928955078,,,,,
3,27849,,159.50262451171875,,,,,
3,27899,,85.3484115600586,,,,,
3,27949,,144.02626037597656,,,,,
3,27999,,145.2439422607422,,,,,
3,28049,,84.57566833496094,,,,,
3,28099,,94.83535766601562,,,,,
3,28149,,90.4896011352539,,,,,
3,28199,,74.93363952636719,,,,,
3,28249,,53.88335037231445,,,,,
3,28299,,252.25990295410156,,,,,
3,28349,,138.14060974121094,,,,,
3,28399,,110.56949615478516,,,,,
3,28449,,94.68421173095703,,,,,
3,28499,,67.79871368408203,,,,,
3,28549,,68.17717742919922,,,,,
3,28599,,263.52239990234375,,,,,
3,28649,,125.7543716430664,,,,,
3,28699,,87.05340576171875,,,,,
3,28749,,113.93363189697266,,,,,
3,28799,,144.09637451171875,,,,,
3,28849,,97.16655731201172,,,,,
3,28899,,88.6701431274414,,,,,
3,28949,,172.4887237548828,,,,,
3,28999,,79.8518295288086,,,,,
3,29049,,207.48828125,,,,,
3,29099,,37.68736267089844,,,,,
3,29149,,125.24573516845703,,,,,
3,29199,,123.17227935791016,,,,,
3,29249,,102.3365478515625,,,,,
3,29299,,111.98294067382812,,,,,
3,29349,,123.5495834350586,,,,,
3,29399,,83.49276733398438,,,,,
3,29449,,119.36844635009766,,,,,
3,29499,,53.68479537963867,,,,,
3,29549,,83.9191665649414,,,,,
3,29599,,118.53995513916016,,,,,
3,29649,,82.11326599121094,,,,,
3,29699,,221.9381561279297,,,,,
3,29749,,87.31088256835938,,,,,
3,29799,,92.1468505859375,,,,,
3,29849,,102.9871826171875,,,,,
3,29899,,221.5547637939453,,,,,
3,29949,,194.7411346435547,,,,,
3,29999,,153.7191619873047,,,,,
3,30049,,61.056339263916016,,,,,
3,30099,,82.24443817138672,,,,,
3,30149,,178.70909118652344,,,,,
3,30199,,83.2945556640625,,,,,
3,30249,,125.00699615478516,,,,,
3,30299,,101.95026397705078,,,,,
3,30349,,307.9818420410156,,,,,
3,30399,,138.47926330566406,,,,,
3,30449,,430.7762145996094,,,,,
3,30499,,83.9402847290039,,,,,
3,30549,,198.63783264160156,,,,,
3,30599,,75.47114562988281,,,,,
3,30649,,194.5775604248047,,,,,
3,30699,,61.01376724243164,,,,,
3,30749,,128.0782928466797,,,,,
3,30799,,79.91106414794922,,,,,
3,30849,,67.55160522460938,,,,,
3,30899,,76.26627349853516,,,,,
3,30949,,83.57794952392578,,,,,
3,30999,,127.11212921142578,,,,,
3,31049,,84.99266815185547,,,,,
3,31099,,109.35216522216797,,,,,
3,31149,,80.44803619384766,,,,,
3,31199,,205.3157958984375,,,,,
3,31249,,49.43521499633789,,,,,
3,31299,,91.56106567382812,,,,,
3,31349,,115.4704818725586,,,,,
3,31399,,74.02155303955078,,,,,
3,31449,,179.2202606201172,,,,,
3,31499,,89.65628814697266,,,,,
3,31549,,112.27471923828125,,,,,
3,31599,,80.2308120727539,,,,,
3,31649,,121.05902099609375,,,,,
3,31699,,71.6103744506836,,,,,
3,31749,,74.45870971679688,,,,,
3,31799,,79.23271942138672,,,,,
3,31849,,68.37328338623047,,,,,
3,31899,,73.42784118652344,,,,,
3,31931,,,56.81723403930664,50878.8203125,82.51908111572266,0.12328127026557922,41.45725631713867
3,31931,113.39276123046875,,,,,,
4,31949,,61.48347854614258,,,,,
4,31999,,82.14053344726562,,,,,
4,32049,,70.17676544189453,,,,,
4,32099,,63.5412483215332,,,,,
4,32149,,68.79335021972656,,,,,
4,32199,,79.14624786376953,,,,,
4,32249,,127.37091064453125,,,,,
4,32299,,137.77220153808594,,,,,
4,32349,,52.4666633605957,,,,,
4,32399,,189.3610382080078,,,,,
4,32449,,103.2500991821289,,,,,
4,32499,,95.3935546875,,,,,
4,32549,,63.44952392578125,,,,,
4,32599,,210.3046112060547,,,,,
4,32649,,161.551513671875,,,,,
4,32699,,64.00125885009766,,,,,
4,32749,,98.16458892822266,,,,,
4,32799,,60.8157844543457,,,,,
4,32849,,85.71673583984375,,,,,
4,32899,,81.65477752685547,,,,,
4,32949,,133.8456268310547,,,,,
4,32999,,179.326416015625,,,,,
4,33049,,73.96295166015625,,,,,
4,33099,,77.77464294433594,,,,,
4,33149,,69.515625,,,,,
4,33199,,80.11978149414062,,,,,
4,33249,,121.97545623779297,,,,,
4,33299,,84.11177062988281,,,,,
4,33349,,54.10685729980469,,,,,
4,33399,,54.32472610473633,,,,,
4,33449,,86.2979965209961,,,,,
4,33499,,239.41326904296875,,,,,
4,33549,,107.23574829101562,,,,,
4,33599,,100.7086181640625,,,,,
4,33649,,62.13911819458008,,,,,
4,33699,,110.4106674194336,,,,,
4,33749,,76.98544311523438,,,,,
4,33799,,82.46793365478516,,,,,
4,33849,,127.6163330078125,,,,,
4,33899,,77.24242401123047,,,,,
4,33949,,69.14940643310547,,,,,
4,33999,,151.8679962158203,,,,,
4,34049,,266.87750244140625,,,,,
4,34099,,100.80699920654297,,,,,
4,34149,,64.5998306274414,,,,,
4,34199,,168.67515563964844,,,,,
4,34249,,234.6082305908203,,,,,
4,34299,,47.217681884765625,,,,,
4,34349,,236.4373321533203,,,,,
4,34399,,98.6312255859375,,,,,
4,34449,,65.12967681884766,,,,,
4,34499,,101.6829833984375,,,,,
4,34549,,66.34469604492188,,,,,
4,34599,,49.66353225708008,,,,,
4,34649,,72.98951721191406,,,,,
4,34699,,246.0098419189453,,,,,
4,34749,,110.48004150390625,,,,,
4,34799,,165.982666015625,,,,,
4,34849,,60.7774658203125,,,,,
4,34899,,77.19674682617188,,,,,
4,34949,,124.06710815429688,,,,,
4,34999,,53.3620491027832,,,,,
4,35049,,66.9283218383789,,,,,
4,35099,,63.4014892578125,,,,,
4,35149,,79.97434997558594,,,,,
4,35199,,215.61756896972656,,,,,
4,35249,,77.73615264892578,,,,,
4,35299,,274.8216857910156,,,,,
4,35349,,100.34002685546875,,,,,
4,35399,,94.43682861328125,,,,,
4,35449,,241.3540802001953,,,,,
4,35499,,80.45561981201172,,,,,
4,35549,,83.01604461669922,,,,,
4,35599,,93.32720947265625,,,,,
4,35649,,62.01546096801758,,,,,
4,35699,,51.80939865112305,,,,,
4,35749,,96.48919677734375,,,,,
4,35799,,60.43837356567383,,,,,
4,35849,,80.18773651123047,,,,,
4,35899,,82.75778198242188,,,,,
4,35949,,96.25308990478516,,,,,
4,35999,,67.89083862304688,,,,,
4,36049,,249.1252899169922,,,,,
4,36099,,111.0157241821289,,,,,
4,36149,,78.46212768554688,,,,,
4,36199,,95.38085174560547,,,,,
4,36249,,57.44161605834961,,,,,
4,36299,,66.69844818115234,,,,,
4,36349,,228.2259979248047,,,,,
4,36399,,70.44952392578125,,,,,
4,36449,,101.83514404296875,,,,,
4,36499,,88.09674072265625,,,,,
4,36549,,58.5063591003418,,,,,
4,36599,,88.9482650756836,,,,,
4,36649,,83.35637664794922,,,,,
4,36699,,105.12633514404297,,,,,
4,36749,,140.8885040283203,,,,,
4,36799,,58.1533088684082,,,,,
4,36849,,148.29541015625,,,,,
4,36899,,50.5788459777832,,,,,
4,36949,,85.42354583740234,,,,,
4,36999,,53.2054557800293,,,,,
4,37049,,108.43840789794922,,,,,
4,37099,,73.7171630859375,,,,,
4,37149,,140.40972900390625,,,,,
4,37199,,134.38983154296875,,,,,
4,37249,,63.16682052612305,,,,,
4,37299,,89.5161361694336,,,,,
4,37349,,76.87874603271484,,,,,
4,37399,,73.48384857177734,,,,,
4,37449,,193.5858154296875,,,,,
4,37499,,95.3194351196289,,,,,
4,37549,,82.12346649169922,,,,,
4,37599,,108.70368194580078,,,,,
4,37649,,94.11344146728516,,,,,
4,37699,,93.33768463134766,,,,,
4,37749,,91.60802459716797,,,,,
4,37799,,111.2891845703125,,,,,
4,37849,,63.36393737792969,,,,,
4,37899,,66.9036865234375,,,,,
4,37949,,107.09410858154297,,,,,
4,37999,,139.50445556640625,,,,,
4,38049,,196.6731719970703,,,,,
4,38099,,227.7432098388672,,,,,
4,38149,,59.40163040161133,,,,,
4,38199,,60.06912612915039,,,,,
4,38249,,74.9406967163086,,,,,
4,38299,,166.38197326660156,,,,,
4,38349,,67.2865982055664,,,,,
4,38399,,159.63180541992188,,,,,
4,38449,,79.86824798583984,,,,,
4,38499,,144.2314910888672,,,,,
4,38549,,257.7500915527344,,,,,
4,38599,,95.74027252197266,,,,,
4,38649,,53.12838363647461,,,,,
4,38699,,125.11444091796875,,,,,
4,38749,,103.66485595703125,,,,,
4,38799,,61.31547164916992,,,,,
4,38849,,70.68146514892578,,,,,
4,38899,,116.26763153076172,,,,,
4,38949,,270.9080505371094,,,,,
4,38999,,67.07969665527344,,,,,
4,39049,,43.0555534362793,,,,,
4,39099,,86.2254409790039,,,,,
4,39149,,65.16087341308594,,,,,
4,39199,,65.48733520507812,,,,,
4,39249,,100.69181060791016,,,,,
4,39299,,99.14881134033203,,,,,
4,39349,,72.88036346435547,,,,,
4,39399,,130.89259338378906,,,,,
4,39449,,51.57735061645508,,,,,
4,39499,,253.95033264160156,,,,,
4,39549,,334.3426818847656,,,,,
4,39599,,58.06585693359375,,,,,
4,39649,,118.20340728759766,,,,,
4,39699,,129.65577697753906,,,,,
4,39749,,80.33385467529297,,,,,
4,39799,,183.1615447998047,,,,,
4,39849,,105.92154693603516,,,,,
4,39899,,59.40885543823242,,,,,
4,39914,,,56.297462463378906,43115.078125,80.65398406982422,0.12255274504423141,40.64188766479492
4,39914,113.25811004638672,,,,,,
5,39949,,97.9085693359375,,,,,
5,39999,,55.22211837768555,,,,,
5,40049,,123.93289947509766,,,,,
5,40099,,102.61898040771484,,,,,
5,40149,,219.9012908935547,,,,,
5,40199,,163.6385955810547,,,,,
5,40249,,121.6430892944336,,,,,
5,40299,,121.76067352294922,,,,,
5,40349,,85.5667953491211,,,,,
5,40399,,64.54522705078125,,,,,
5,40449,,95.09869384765625,,,,,
5,40499,,139.95677185058594,,,,,
5,40549,,57.62862014770508,,,,,
5,40599,,102.35381317138672,,,,,
5,40649,,108.3900146484375,,,,,
5,40699,,85.43194580078125,,,,,
5,40749,,69.93416595458984,,,,,
5,40799,,68.2383804321289,,,,,
5,40849,,62.76943588256836,,,,,
5,40899,,52.05670166015625,,,,,
5,40949,,80.24559020996094,,,,,
5,40999,,89.12899017333984,,,,,
5,41049,,69.94229888916016,,,,,
5,41099,,67.36426544189453,,,,,
5,41149,,76.99076843261719,,,,,
5,41199,,100.14876556396484,,,,,
5,41249,,85.6451644897461,,,,,
5,41299,,49.27410888671875,,,,,
5,41349,,119.0322036743164,,,,,
5,41399,,126.13436126708984,,,,,
5,41449,,105.1360855102539,,,,,
5,41499,,154.4532470703125,,,,,
5,41549,,61.11279296875,,,,,
5,41599,,147.8468475341797,,,,,
5,41649,,59.426513671875,,,,,
5,41699,,133.20968627929688,,,,,
5,41749,,232.39501953125,,,,,
5,41799,,87.31951904296875,,,,,
5,41849,,167.458740234375,,,,,
5,41899,,63.794132232666016,,,,,
5,41949,,65.52771759033203,,,,,
5,41999,,70.59870147705078,,,,,
5,42049,,70.71520233154297,,,,,
5,42099,,80.52787017822266,,,,,
5,42149,,197.42784118652344,,,,,
5,42199,,58.03925704956055,,,,,
5,42249,,224.1680145263672,,,,,
5,42299,,102.17208099365234,,,,,
5,42349,,83.92780303955078,,,,,
5,42399,,100.11894989013672,,,,,
5,42449,,135.86988830566406,,,,,
5,42499,,155.12884521484375,,,,,
5,42549,,96.7331771850586,,,,,
5,42599,,132.87586975097656,,,,,
5,42649,,67.31949615478516,,,,,
5,42699,,107.64102172851562,,,,,
5,42749,,54.59867858886719,,,,,
5,42799,,81.32644653320312,,,,,
5,42849,,82.46553802490234,,,,,
5,42899,,62.702880859375,,,,,
5,42949,,225.20790100097656,,,,,
5,42999,,74.4066390991211,,,,,
5,43049,,123.6268310546875,,,,,
5,43099,,73.13678741455078,,,,,
5,43149,,52.926326751708984,,,,,
5,43199,,53.81669235229492,,,,,
5,43249,,75.9695053100586,,,,,
5,43299,,245.92152404785156,,,,,
5,43349,,166.48377990722656,,,,,
5,43399,,54.44384765625,,,,,
5,43449,,118.82035064697266,,,,,
5,43499,,62.42795944213867,,,,,
5,43549,,104.5418930053711,,,,,
5,43599,,67.78308868408203,,,,,
5,43649,,67.0090560913086,,,,,
5,43699,,84.69615936279297,,,,,
5,43749,,54.60853958129883,,,,,
5,43799,,46.04878616333008,,,,,
5,43849,,81.04138946533203,,,,,
5,43899,,85.7669906616211,,,,,
5,43949,,78.12079620361328,,,,,
5,43999,,284.2604064941406,,,,,
5,44049,,206.598876953125,,,,,
5,44099,,154.3721923828125,,,,,
5,44149,,102.57636260986328,,,,,
5,44199,,66.99211120605469,,,,,
5,44249,,409.8874816894531,,,,,
5,44299,,54.36887741088867,,,,,
5,44349,,86.87825775146484,,,,,
5,44399,,65.7562484741211,,,,,
5,44449,,84.3166275024414,,,,,
5,44499,,83.74608612060547,,,,,
5,44549,,62.69511032104492,,,,,
5,44599,,54.9754638671875,,,,,
5,44649,,104.16717529296875,,,,,
5,44699,,86.21642303466797,,,,,
5,44749,,76.87008666992188,,,,,
5,44799,,95.33882904052734,,,,,
5,44849,,62.37070846557617,,,,,
5,44899,,115.72417449951172,,,,,
5,44949,,73.7348403930664,,,,,
5,44999,,128.63682556152344,,,,,
5,45049,,114.98851776123047,,,,,
5,45099,,106.09054565429688,,,,,
5,45149,,140.5374755859375,,,,,
5,45199,,62.40922546386719,,,,,
5,45249,,140.765380859375,,,,,
5,45299,,54.80424118041992,,,,,
5,45349,,61.21236038208008,,,,,
5,45399,,287.4166564941406,,,,,
5,45449,,77.3385238647461,,,,,
5,45499,,55.286991119384766,,,,,
5,45549,,226.5749053955078,,,,,
5,45599,,56.29619216918945,,,,,
5,45649,,200.0601806640625,,,,,
5,45699,,84.00717163085938,,,,,
5,45749,,83.1327133178711,,,,,
5,45799,,114.66248321533203,,,,,
5,45849,,106.522705078125,,,,,
5,45899,,57.96012496948242,,,,,
5,45949,,68.36339569091797,,,,,
5,45999,,65.76409912109375,,,,,
5,46049,,90.37899017333984,,,,,
5,46099,,262.4971008300781,,,,,
5,46149,,79.15393829345703,,,,,
5,46199,,96.9534683227539,,,,,
5,46249,,80.17684173583984,,,,,
5,46299,,119.50048828125,,,,,
5,46349,,135.9481964111328,,,,,
5,46399,,92.664306640625,,,,,
5,46449,,72.95909118652344,,,,,
5,46499,,140.6336669921875,,,,,
5,46549,,67.34992218017578,,,,,
5,46599,,60.85353469848633,,,,,
5,46649,,74.7880630493164,,,,,
5,46699,,118.76136016845703,,,,,
5,46749,,72.26868438720703,,,,,
5,46799,,176.554931640625,,,,,
5,46849,,99.4766616821289,,,,,
5,46899,,61.390987396240234,,,,,
5,46949,,85.63866424560547,,,,,
5,46999,,62.71662902832031,,,,,
5,47049,,62.80123519897461,,,,,
5,47099,,84.98914337158203,,,,,
5,47149,,105.31182861328125,,,,,
5,47199,,152.3461456298828,,,,,
5,47249,,81.2525634765625,,,,,
5,47299,,85.65155029296875,,,,,
5,47349,,69.03876495361328,,,,,
5,47399,,81.8078842163086,,,,,
5,47449,,124.26962280273438,,,,,
5,47499,,78.8327407836914,,,,,
5,47549,,71.4045181274414,,,,,
5,47599,,75.5689468383789,,,,,
5,47649,,58.22027587890625,,,,,
5,47699,,55.80044937133789,,,,,
5,47749,,85.94600677490234,,,,,
5,47799,,85.92733001708984,,,,,
5,47849,,116.4413070678711,,,,,
5,47897,,,55.255409240722656,42984.5703125,79.74691772460938,0.11900801956653595,40.22220993041992
5,47897,111.02857208251953,,,,,,
6,47899,,80.86131286621094,,,,,
6,47949,,71.79501342773438,,,,,
6,47999,,121.52975463867188,,,,,
6,48049,,187.8658905029297,,,,,
6,48099,,61.28434371948242,,,,,
6,48149,,53.85495376586914,,,,,
6,48199,,69.63418579101562,,,,,
6,48249,,64.05065155029297,,,,,
6,48299,,218.6351318359375,,,,,
6,48349,,78.50952911376953,,,,,
6,48399,,91.97125244140625,,,,,
6,48449,,81.21700286865234,,,,,
6,48499,,84.34219360351562,,,,,
6,48549,,72.59992980957031,,,,,
6,48599,,79.93132019042969,,,,,
6,48649,,202.6402130126953,,,,,
6,48699,,66.90319061279297,,,,,
6,48749,,155.3878173828125,,,,,
6,48799,,83.74674224853516,,,,,
6,48849,,148.9196319580078,,,,,
6,48899,,75.86288452148438,,,,,
6,48949,,188.37542724609375,,,,,
6,48999,,99.1732406616211,,,,,
6,49049,,116.63629150390625,,,,,
6,49099,,73.92443084716797,,,,,
6,49149,,69.14327239990234,,,,,
6,49199,,246.7189178466797,,,,,
6,49249,,44.79441452026367,,,,,
6,49299,,77.45389556884766,,,,,
6,49349,,86.73978424072266,,,,,
6,49399,,75.83235931396484,,,,,
6,49449,,110.79122161865234,,,,,
6,49499,,155.1936798095703,,,,,
6,49549,,48.49287414550781,,,,,
6,49599,,67.53816986083984,,,,,
6,49649,,126.47322845458984,,,,,
6,49699,,144.6272430419922,,,,,
6,49749,,229.2322998046875,,,,,
6,49799,,63.526580810546875,,,,,
6,49849,,71.36913299560547,,,,,
6,49899,,55.0379753112793,,,,,
6,49949,,102.90422821044922,,,,,
6,49999,,115.52872467041016,,,,,
6,50049,,50.083221435546875,,,,,
6,50099,,89.4204330444336,,,,,
6,50149,,49.13100814819336,,,,,
6,50199,,134.7384796142578,,,,,
6,50249,,176.4678497314453,,,,,
6,50299,,130.86749267578125,,,,,
6,50349,,154.84947204589844,,,,,
6,50399,,218.45985412597656,,,,,
6,50449,,76.52006530761719,,,,,
6,50499,,84.6429672241211,,,,,
6,50549,,121.39139556884766,,,,,
6,50599,,128.0124053955078,,,,,
6,50649,,118.29366302490234,,,,,
6,50699,,59.8924674987793,,,,,
6,50749,,121.60430908203125,,,,,
6,50799,,133.04092407226562,,,,,
6,50849,,46.93052291870117,,,,,
6,50899,,66.73526763916016,,,,,
6,50949,,58.212284088134766,,,,,
6,50999,,44.9891357421875,,,,,
6,51049,,85.24734497070312,,,,,
6,51099,,90.09635162353516,,,,,
6,51149,,63.79961013793945,,,,,
6,51199,,92.0689468383789,,,,,
6,51249,,85.0678482055664,,,,,
6,51299,,97.71129608154297,,,,,
6,51349,,113.75780487060547,,,,,
6,51399,,226.9471893310547,,,,,
6,51449,,119.02883911132812,,,,,
6,51499,,100.88236236572266,,,,,
6,51549,,107.44266510009766,,,,,
6,51599,,100.32701873779297,,,,,
6,51649,,69.25411224365234,,,,,
6,51699,,96.18941497802734,,,,,
6,51749,,243.8075408935547,,,,,
6,51799,,65.19097137451172,,,,,
6,51849,,93.3265609741211,,,,,
6,51899,,96.35348510742188,,,,,
6,51949,,78.19840240478516,,,,,
6,51999,,180.801513671875,,,,,
6,52049,,91.36569213867188,,,,,
6,52099,,206.0255889892578,,,,,
6,52149,,74.33142852783203,,,,,
6,52199,,68.7608871459961,,,,,
6,52249,,74.06241607666016,,,,,
6,52299,,85.1894760131836,,,,,
6,52349,,72.08343505859375,,,,,
6,52399,,129.8070831298828,,,,,
6,52449,,55.510284423828125,,,,,
6,52499,,184.8529052734375,,,,,
6,52549,,69.65911102294922,,,,,
6,52599,,49.396114349365234,,,,,
6,52649,,61.840576171875,,,,,
6,52699,,82.44702911376953,,,,,
6,52749,,98.95465087890625,,,,,
6,52799,,67.92325592041016,,,,,
6,52849,,93.13977813720703,,,,,
6,52899,,124.87354278564453,,,,,
6,52949,,79.65601348876953,,,,,
6,52999,,81.55518341064453,,,,,
6,53049,,59.78621292114258,,,,,
6,53099,,80.6231460571289,,,,,
6,53149,,60.99606704711914,,,,,
6,53199,,146.12867736816406,,,,,
6,53249,,233.30865478515625,,,,,
6,53299,,45.71408462524414,,,,,
6,53349,,74.31185150146484,,,,,
6,53399,,69.62381744384766,,,,,
6,53449,,256.8046569824219,,,,,
6,53499,,120.8004150390625,,,,,
6,53549,,101.60479736328125,,,,,
6,53599,,89.1413803100586,,,,,
6,53649,,56.47377395629883,,,,,
6,53699,,88.93941497802734,,,,,
6,53749,,90.7873306274414,,,,,
6,53799,,71.25720977783203,,,,,
6,53849,,106.4450454711914,,,,,
6,53899,,114.712646484375,,,,,
6,53949,,115.21099853515625,,,,,
6,53999,,48.577850341796875,,,,,
6,54049,,54.0733757019043,,,,,
6,54099,,54.73048782348633,,,,,
6,54149,,63.88713073730469,,,,,
6,54199,,149.0755157470703,,,,,
6,54249,,153.54913330078125,,,,,
6,54299,,82.74970245361328,,,,,
6,54349,,77.09976959228516,,,,,
6,54399,,84.03459930419922,,,,,
6,54449,,318.9175109863281,,,,,
6,54499,,65.14672088623047,,,,,
6,54549,,88.18527221679688,,,,,
6,54599,,90.26371002197266,,,,,
6,54649,,49.281429290771484,,,,,
6,54699,,143.9210662841797,,,,,
6,54749,,124.79150390625,,,,,
6,54799,,64.16442108154297,,,,,
6,54849,,190.27020263671875,,,,,
6,54899,,78.36890411376953,,,,,
6,54949,,93.3357162475586,,,,,
6,54999,,80.45201873779297,,,,,
6,55049,,68.40406036376953,,,,,
6,55099,,79.99472045898438,,,,,
6,55149,,86.1993408203125,,,,,
6,55199,,57.26777267456055,,,,,
6,55249,,87.49866485595703,,,,,
6,55299,,77.92727661132812,,,,,
6,55349,,285.4533996582031,,,,,
6,55399,,79.04753875732422,,,,,
6,55449,,72.6834945678711,,,,,
6,55499,,330.9883728027344,,,,,
6,55549,,92.10070037841797,,,,,
6,55599,,109.2505874633789,,,,,
6,55649,,298.263427734375,,,,,
6,55699,,107.39312744140625,,,,,
6,55749,,66.9899673461914,,,,,
6,55799,,71.83336639404297,,,,,
6,55849,,64.58648681640625,,,,,
6,55880,,,54.845577239990234,31313.69921875,79.59706115722656,0.11978417634963989,40.00348663330078
6,55880,109.6352310180664,,,,,,
7,55899,,62.58726119995117,,,,,
7,55949,,114.53353118896484,,,,,
7,55999,,66.90005493164062,,,,,
7,56049,,75.4305419921875,,,,,
7,56099,,123.57405853271484,,,,,
7,56149,,75.53009796142578,,,,,
7,56199,,99.81819915771484,,,,,
7,56249,,72.64592742919922,,,,,
7,56299,,62.72090530395508,,,,,
7,56349,,170.15516662597656,,,,,
7,56399,,109.35482025146484,,,,,
7,56449,,78.6707534790039,,,,,
7,56499,,61.629119873046875,,,,,
7,56549,,441.92431640625,,,,,
7,56599,,138.16098022460938,,,,,
7,56649,,82.5605697631836,,,,,
7,56699,,152.99656677246094,,,,,
7,56749,,72.35962677001953,,,,,
7,56799,,98.29559326171875,,,,,
7,56849,,127.46268463134766,,,,,
7,56899,,115.0272216796875,,,,,
7,56949,,94.46070098876953,,,,,
7,56999,,205.165771484375,,,,,
7,57049,,45.88215637207031,,,,,
7,57099,,68.2937240600586,,,,,
7,57149,,79.17152404785156,,,,,
7,57199,,85.35834503173828,,,,,
7,57249,,71.91790008544922,,,,,
7,57299,,77.050048828125,,,,,
7,57349,,117.2714614868164,,,,,
7,57399,,58.21210861206055,,,,,
7,57449,,235.436767578125,,,,,
7,57499,,50.64536666870117,,,,,
7,57549,,116.13146209716797,,,,,
7,57599,,126.35865020751953,,,,,
7,57649,,133.4893341064453,,,,,
7,57699,,59.177188873291016,,,,,
7,57749,,118.4258041381836,,,,,
7,57799,,84.8512954711914,,,,,
7,57849,,89.27373504638672,,,,,
7,57899,,78.43836212158203,,,,,
7,57949,,69.7873306274414,,,,,
7,57999,,63.22853088378906,,,,,
7,58049,,83.60201263427734,,,,,
7,58099,,64.28218078613281,,,,,
7,58149,,95.84391021728516,,,,,
7,58199,,60.6680793762207,,,,,
7,58249,,124.70455169677734,,,,,
7,58299,,80.67530059814453,,,,,
7,58349,,73.1476821899414,,,,,
7,58399,,56.27652359008789,,,,,
7,58449,,105.5241470336914,,,,,
7,58499,,77.52396392822266,,,,,
7,58549,,56.28107833862305,,,,,
7,58599,,70.82647705078125,,,,,
7,58649,,46.16457748413086,,,,,
7,58699,,110.73847198486328,,,,,
7,58749,,55.01472854614258,,,,,
7,58799,,199.4488525390625,,,,,
7,58849,,67.26265716552734,,,,,
7,58899,,55.7059211730957,,,,,
7,58949,,74.51375579833984,,,,,
7,58999,,92.0530776977539,,,,,
7,59049,,80.3497543334961,,,,,
7,59099,,70.95708465576172,,,,,
7,59149,,181.99658203125,,,,,
7,59199,,223.208740234375,,,,,
7,59249,,73.416748046875,,,,,
7,59299,,54.00676345825195,,,,,
7,59349,,90.0173110961914,,,,,
7,59399,,127.36065673828125,,,,,
7,59449,,174.2550506591797,,,,,
7,59499,,79.04060363769531,,,,,
7,59549,,66.03194427490234,,,,,
7,59599,,94.41080474853516,,,,,
7,59649,,74.4758529663086,,,,,
7,59699,,91.70965576171875,,,,,
7,59749,,59.55511474609375,,,,,
7,59799,,55.5818977355957,,,,,
7,59849,,47.5167350769043,,,,,
7,59899,,81.21094512939453,,,,,
7,59949,,88.1501235961914,,,,,
7,59999,,99.0228500366211,,,,,
7,60049,,71.07718658447266,,,,,
7,60099,,68.54693603515625,,,,,
7,60149,,88.42378997802734,,,,,
7,60199,,165.52613830566406,,,,,
7,60249,,98.60221099853516,,,,,
7,60299,,94.26616668701172,,,,,
7,60349,,86.52200317382812,,,,,
7,60399,,356.7386169433594,,,,,
7,60449,,170.3450164794922,,,,,
7,60499,,112.33406829833984,,,,,
7,60549,,83.65196990966797,,,,,
7,60599,,95.1053237915039,,,,,
7,60649,,70.64363098144531,,,,,
7,60699,,154.8274688720703,,,,,
7,60749,,110.5294418334961,,,,,
7,60799,,232.2542266845703,,,,,
7,60849,,46.76033401489258,,,,,
7,60899,,223.5459747314453,,,,,
7,60949,,65.8211669921875,,,,,
7,60999,,77.38192749023438,,,,,
7,61049,,78.89910888671875,,,,,
7,61099,,76.18730926513672,,,,,
7,61149,,157.17857360839844,,,,,
7,61199,,90.0870361328125,,,,,
7,61249,,101.29217529296875,,,,,
7,61299,,101.15645599365234,,,,,
7,61349,,86.3630142211914,,,,,
7,61399,,67.5904312133789,,,,,
7,61449,,81.19843292236328,,,,,
7,61499,,82.9868392944336,,,,,
7,61549,,96.79097747802734,,,,,
7,61599,,67.56192016601562,,,,,
7,61649,,67.31187438964844,,,,,
7,61699,,424.9790954589844,,,,,
7,61749,,170.47021484375,,,,,
7,61799,,92.7389907836914,,,,,
7,61849,,100.77140045166016,,,,,
7,61899,,121.7224349975586,,,,,
7,61949,,59.051483154296875,,,,,
7,61999,,69.50981903076172,,,,,
7,62049,,72.08014678955078,,,,,
7,62099,,97.28321075439453,,,,,
7,62149,,102.8626708984375,,,,,
7,62199,,63.825626373291016,,,,,
7,62249,,51.138824462890625,,,,,
7,62299,,219.1200714111328,,,,,
7,62349,,71.14362335205078,,,,,
7,62399,,134.23936462402344,,,,,
7,62449,,63.04001235961914,,,,,
7,62499,,98.73416137695312,,,,,
7,62549,,59.67074203491211,,,,,
7,62599,,92.58702850341797,,,,,
7,62649,,132.7830047607422,,,,,
7,62699,,68.80714416503906,,,,,
7,62749,,52.67206954956055,,,,,
7,62799,,137.01805114746094,,,,,
7,62849,,128.40806579589844,,,,,
7,62899,,58.87876892089844,,,,,
7,62949,,65.25487518310547,,,,,
7,62999,,117.02033233642578,,,,,
7,63049,,70.87045288085938,,,,,
7,63099,,194.0597381591797,,,,,
7,63149,,76.91263580322266,,,,,
7,63199,,72.81183624267578,,,,,
7,63249,,51.60648727416992,,,,,
7,63299,,61.28940200805664,,,,,
7,63349,,77.35680389404297,,,,,
7,63399,,227.17523193359375,,,,,
7,63449,,145.16163635253906,,,,,
7,63499,,163.4453887939453,,,,,
7,63549,,163.39366149902344,,,,,
7,63599,,67.27212524414062,,,,,
7,63649,,57.7370719909668,,,,,
7,63699,,96.17838287353516,,,,,
7,63749,,72.72332000732422,,,,,
7,63799,,134.05796813964844,,,,,
7,63849,,63.56925582885742,,,,,
7,63863,,,56.65517044067383,37513.72265625,82.03418731689453,0.12093460559844971,41.068321228027344
7,63863,108.30025482177734,,,,,,
8,63899,,100.59722900390625,,,,,
8,63949,,61.5265007019043,,,,,
8,63999,,55.5506591796875,,,,,
8,64049,,111.30780029296875,,,,,
8,64099,,415.3684997558594,,,,,
8,64149,,73.3539810180664,,,,,
8,64199,,87.4269027709961,,,,,
8,64249,,320.6534423828125,,,,,
8,64299,,61.03192138671875,,,,,
8,64349,,194.9083709716797,,,,,
8,64399,,80.41615295410156,,,,,
8,64449,,66.21688079833984,,,,,
8,64499,,69.19166564941406,,,,,
8,64549,,84.86231231689453,,,,,
8,64599,,114.5671157836914,,,,,
8,64649,,61.96364212036133,,,,,
8,64699,,68.59842681884766,,,,,
8,64749,,117.7387466430664,,,,,
8,64799,,80.52262878417969,,,,,
8,64849,,121.62338256835938,,,,,
8,64899,,82.73810577392578,,,,,
8,64949,,233.31971740722656,,,,,
8,64999,,52.6935920715332,,,,,
8,65049,,81.7395248413086,,,,,
8,65099,,77.54882049560547,,,,,
8,65149,,80.12541198730469,,,,,
8,65199,,230.476806640625,,,,,
8,65249,,94.60205078125,,,,,
8,65299,,76.67123413085938,,,,,
8,65349,,86.40335083007812,,,,,
8,65399,,174.1366424560547,,,,,
8,65449,,68.84976959228516,,,,,
8,65499,,66.68871307373047,,,,,
8,65549,,119.3714828491211,,,,,
8,65599,,182.9696807861328,,,,,
8,65649,,55.928436279296875,,,,,
8,65699,,100.07672119140625,,,,,
8,65749,,93.791748046875,,,,,
8,65799,,157.7718963623047,,,,,
8,65849,,76.75007629394531,,,,,
8,65899,,198.76904296875,,,,,
8,65949,,101.56201934814453,,,,,
8,65999,,124.76691436767578,,,,,
8,66049,,56.839202880859375,,,,,
8,66099,,92.4462890625,,,,,
8,66149,,120.4018325805664,,,,,
8,66199,,193.1907196044922,,,,,
8,66249,,52.39875411987305,,,,,
8,66299,,74.23965454101562,,,,,
8,66349,,91.2429428100586,,,,,
8,66399,,85.6572265625,,,,,
8,66449,,115.40070343017578,,,,,
8,66499,,472.071533203125,,,,,
8,66549,,94.18842315673828,,,,,
8,66599,,120.50347900390625,,,,,
8,66649,,62.35516357421875,,,,,
8,66699,,231.4752655029297,,,,,
8,66749,,142.9408721923828,,,,,
8,66799,,147.2821502685547,,,,,
8,66849,,94.9408187866211,,,,,
8,66899,,190.3599853515625,,,,,
8,66949,,123.30374908447266,,,,,
8,66999,,79.81658935546875,,,,,
8,67049,,69.5089111328125,,,,,
8,67099,,128.2793426513672,,,,,
8,67149,,49.10650634765625,,,,,
8,67199,,62.016117095947266,,,,,
8,67249,,66.1142349243164,,,,,
8,67299,,116.51319122314453,,,,,
8,67349,,72.8668212890625,,,,,
8,67399,,219.0460662841797,,,,,
8,67449,,69.71269989013672,,,,,
8,67499,,64.0297622680664,,,,,
8,67549,,68.94502258300781,,,,,
8,67599,,130.42559814453125,,,,,
8,67649,,129.25848388671875,,,,,
8,67699,,70.78246307373047,,,,,
8,67749,,62.51606750488281,,,,,
8,67799,,99.98625946044922,,,,,
8,67849,,96.9932861328125,,,,,
8,67899,,73.05631256103516,,,,,
8,67949,,158.49005126953125,,,,,
8,67999,,93.23480987548828,,,,,
8,68049,,125.212158203125,,,,,
8,68099,,109.9338607788086,,,,,
8,68149,,84.27745819091797,,,,,
8,68199,,217.8247833251953,,,,,
8,68249,,143.0306396484375,,,,,
8,68299,,56.19547653198242,,,,,
8,68349,,71.53430938720703,,,,,
8,68399,,195.4855499267578,,,,,
8,68449,,268.3579406738281,,,,,
8,68499,,56.89155197143555,,,,,
8,68549,,132.86634826660156,,,,,
8,68599,,83.68035888671875,,,,,
8,68649,,98.70516967773438,,,,,
8,68699,,208.66217041015625,,,,,
8,68749,,100.47235107421875,,,,,
8,68799,,37.67301940917969,,,,,
8,68849,,61.206661224365234,,,,,
8,68899,,210.2173309326172,,,,,
8,68949,,186.672119140625,,,,,
8,68999,,78.5224380493164,,,,,
8,69049,,41.68157196044922,,,,,
8,69099,,57.353271484375,,,,,
8,69149,,134.0138702392578,,,,,
8,69199,,114.1771469116211,,,,,
8,69249,,113.61649322509766,,,,,
8,69299,,63.664676666259766,,,,,
8,69349,,109.60028839111328,,,,,
8,69399,,90.67253875732422,,,,,
8,69449,,222.8317413330078,,,,,
8,69499,,139.80873107910156,,,,,
8,69549,,133.8311767578125,,,,,
8,69599,,50.13774490356445,,,,,
8,69649,,176.16712951660156,,,,,
8,69699,,156.99330139160156,,,,,
8,69749,,60.67049026489258,,,,,
8,69799,,73.24057006835938,,,,,
8,69849,,73.49287414550781,,,,,
8,69899,,84.02715301513672,,,,,
8,69949,,90.98040771484375,,,,,
8,69999,,223.97723388671875,,,,,
8,70049,,97.94405364990234,,,,,
8,70099,,98.50009155273438,,,,,
8,70149,,143.56568908691406,,,,,
8,70199,,187.00196838378906,,,,,
8,70249,,44.05836868286133,,,,,
8,70299,,77.38446807861328,,,,,
8,70349,,86.67037200927734,,,,,
8,70399,,53.84037399291992,,,,,
8,70449,,88.3691177368164,,,,,
8,70499,,250.7835235595703,,,,,
8,70549,,90.26879119873047,,,,,
8,70599,,202.5318603515625,,,,,
8,70649,,81.66852569580078,,,,,
8,70699,,67.60404205322266,,,,,
8,70749,,113.50135040283203,,,,,
8,70799,,165.59190368652344,,,,,
8,70849,,106.85345458984375,,,,,
8,70899,,93.54913330078125,,,,,
8,70949,,57.96725845336914,,,,,
8,70999,,89.1339111328125,,,,,
8,71049,,62.737152099609375,,,,,
8,71099,,313.6044921875,,,,,
8,71149,,81.75553131103516,,,,,
8,71199,,274.4327087402344,,,,,
8,71249,,226.83726501464844,,,,,
8,71299,,83.71722412109375,,,,,
8,71349,,144.6511993408203,,,,,
8,71399,,78.60406494140625,,,,,
8,71449,,59.6253547668457,,,,,
8,71499,,85.76924896240234,,,,,
8,71549,,123.67366790771484,,,,,
8,71599,,113.6600112915039,,,,,
8,71649,,84.93389129638672,,,,,
8,71699,,76.45409393310547,,,,,
8,71749,,86.9791259765625,,,,,
8,71799,,273.4998779296875,,,,,
8,71846,,,55.64265441894531,36920.54296875,80.68988037109375,0.12000878900289536,40.12165069580078
8,71846,107.79974365234375,,,,,,
9,71849,,80.60150146484375,,,,,
9,71899,,73.67850494384766,,,,,
9,71949,,96.65045928955078,,,,,
9,71999,,142.27374267578125,,,,,
9,72049,,91.53780364990234,,,,,
9,72099,,78.0845718383789,,,,,
9,72149,,147.14183044433594,,,,,
9,72199,,97.09576416015625,,,,,
9,72249,,76.71575164794922,,,,,
9,72299,,173.4300079345703,,,,,
9,72349,,90.2155990600586,,,,,
9,72399,,66.94802856445312,,,,,
9,72449,,116.21026611328125,,,,,
9,72499,,77.12135314941406,,,,,
9,72549,,170.3824462890625,,,,,
9,72599,,191.37060546875,,,,,
9,72649,,167.03831481933594,,,,,
9,72699,,108.3161392211914,,,,,
9,72749,,51.86085891723633,,,,,
9,72799,,95.1895980834961,,,,,
9,72849,,65.25469970703125,,,,,
9,72899,,192.9944305419922,,,,,
9,72949,,59.64887619018555,,,,,
9,72999,,58.54896926879883,,,,,
9,73049,,200.2966766357422,,,,,
9,73099,,112.01214599609375,,,,,
9,73149,,134.43418884277344,,,,,
9,73199,,74.5178451538086,,,,,
9,73249,,83.05809783935547,,,,,
9,73299,,127.8644027709961,,,,,
9,73349,,126.0838623046875,,,,,
9,73399,,105.98370361328125,,,,,
9,73449,,115.14834594726562,,,,,
9,73499,,45.5365104675293,,,,,
9,73549,,224.4864044189453,,,,,
9,73599,,69.33023834228516,,,,,
9,73649,,135.39454650878906,,,,,
9,73699,,60.65599060058594,,,,,
9,73749,,177.31182861328125,,,,,
9,73799,,113.10247802734375,,,,,
9,73849,,244.5172119140625,,,,,
9,73899,,191.5068359375,,,,,
9,73949,,52.458988189697266,,,,,
9,73999,,116.1635513305664,,,,,
9,74049,,113.72135162353516,,,,,
9,74099,,189.4578094482422,,,,,
9,74149,,80.34139251708984,,,,,
9,74199,,130.1973419189453,,,,,
9,74249,,70.46578979492188,,,,,
9,74299,,85.3944320678711,,,,,
9,74349,,63.88456344604492,,,,,
9,74399,,91.55835723876953,,,,,
9,74449,,58.10040283203125,,,,,
9,74499,,65.15814208984375,,,,,
9,74549,,80.91102600097656,,,,,
9,74599,,71.3827896118164,,,,,
9,74649,,209.5255584716797,,,,,
9,74699,,122.32144927978516,,,,,
9,74749,,138.8807830810547,,,,,
9,74799,,127.50153350830078,,,,,
9,74849,,89.20528411865234,,,,,
9,74899,,61.76480484008789,,,,,
9,74949,,150.29335021972656,,,,,
9,74999,,127.82562255859375,,,,,
9,75049,,152.04994201660156,,,,,
9,75099,,72.91559600830078,,,,,
9,75149,,76.72173309326172,,,,,
9,75199,,67.98711395263672,,,,,
9,75249,,182.5396728515625,,,,,
9,75299,,299.66552734375,,,,,
9,75349,,89.7366714477539,,,,,
9,75399,,53.9676399230957,,,,,
9,75449,,111.4748764038086,,,,,
9,75499,,80.2042007446289,,,,,
9,75549,,246.16233825683594,,,,,
9,75599,,135.50750732421875,,,,,
9,75649,,136.87451171875,,,,,
9,75699,,119.51692962646484,,,,,
9,75749,,122.08663177490234,,,,,
9,75799,,73.1178970336914,,,,,
9,75849,,58.82736587524414,,,,,
9,75899,,82.2463607788086,,,,,
9,75949,,67.89349365234375,,,,,
9,75999,,69.62946319580078,,,,,
9,76049,,166.21730041503906,,,,,
9,76099,,90.10909271240234,,,,,
9,76149,,93.3356704711914,,,,,
9,76199,,71.8288803100586,,,,,
9,76249,,74.14672088623047,,,,,
9,76299,,71.25789642333984,,,,,
9,76349,,66.82950592041016,,,,,
9,76399,,170.9916229248047,,,,,
9,76449,,78.12893676757812,,,,,
9,76499,,150.60096740722656,,,,,
9,76549,,288.8832702636719,,,,,
9,76599,,55.870182037353516,,,,,
9,76649,,47.83833694458008,,,,,
9,76699,,71.42876434326172,,,,,
9,76749,,38.92397689819336,,,,,
9,76799,,214.459716796875,,,,,
9,76849,,111.75299072265625,,,,,
9,76899,,78.95684051513672,,,,,
9,76949,,156.19564819335938,,,,,
9,76999,,92.213623046875,,,,,
9,77049,,66.10388946533203,,,,,
9,77099,,123.728759765625,,,,,
9,77149,,70.98517608642578,,,,,
9,77199,,64.29448699951172,,,,,
9,77249,,157.9584503173828,,,,,
9,77299,,74.15990447998047,,,,,
9,77349,,42.81060791015625,,,,,
9,77399,,58.429256439208984,,,,,
9,77449,,58.55753707885742,,,,,
9,77499,,65.74817657470703,,,,,
9,77549,,55.11958694458008,,,,,
9,77599,,54.61643600463867,,,,,
9,77649,,83.62395477294922,,,,,
9,77699,,45.4786376953125,,,,,
9,77749,,97.92388153076172,,,,,
9,77799,,58.453704833984375,,,,,
9,77849,,85.39083099365234,,,,,
9,77899,,130.2804718017578,,,,,
9,77949,,127.95223236083984,,,,,
9,77999,,93.3985366821289,,,,,
9,78049,,83.97174835205078,,,,,
9,78099,,90.20156860351562,,,,,
9,78149,,77.86475372314453,,,,,
9,78199,,164.7606658935547,,,,,
9,78249,,55.755428314208984,,,,,
9,78299,,78.01615142822266,,,,,
9,78349,,98.9445571899414,,,,,
9,78399,,87.26793670654297,,,,,
9,78449,,55.20610427856445,,,,,
9,78499,,85.4537353515625,,,,,
9,78549,,63.55258560180664,,,,,
9,78599,,65.4570541381836,,,,,
9,78649,,59.21638107299805,,,,,
9,78699,,64.94506072998047,,,,,
9,78749,,80.62059783935547,,,,,
9,78799,,117.29437255859375,,,,,
9,78849,,101.27001190185547,,,,,
9,78899,,81.57494354248047,,,,,
9,78949,,132.8162078857422,,,,,
9,78999,,83.46643829345703,,,,,
9,79049,,142.33155822753906,,,,,
9,79099,,64.39374542236328,,,,,
9,79149,,140.878173828125,,,,,
9,79199,,71.13412475585938,,,,,
9,79249,,55.84244918823242,,,,,
9,79299,,77.5345687866211,,,,,
9,79349,,87.28617095947266,,,,,
9,79399,,80.08901977539062,,,,,
9,79449,,292.797607421875,,,,,
9,79499,,123.8929443359375,,,,,
9,79549,,123.84909057617188,,,,,
9,79599,,96.75951385498047,,,,,
9,79649,,86.23126983642578,,,,,
9,79699,,103.5730209350586,,,,,
9,79749,,44.28105545043945,,,,,
9,79799,,102.9028091430664,,,,,
9,79829,,,54.78266525268555,41223.81640625,79.6069107055664,0.11765087395906448,39.7265739440918
9,79829,106.91857147216797,,,,,,
10,79849,,205.9821014404297,,,,,
10,79899,,86.05850219726562,,,,,
10,79949,,88.84957122802734,,,,,
10,79999,,111.24002838134766,,,,,
10,80049,,98.8119888305664,,,,,
10,80099,,124.88680267333984,,,,,
10,80149,,128.5115966796875,,,,,
10,80199,,190.25152587890625,,,,,
10,80249,,61.48066711425781,,,,,
10,80299,,175.51560974121094,,,,,
10,80349,,49.18210983276367,,,,,
10,80399,,182.4313201904297,,,,,
10,80449,,270.3929138183594,,,,,
10,80499,,92.53380584716797,,,,,
10,80549,,99.44476318359375,,,,,
10,80599,,145.76722717285156,,,,,
10,80649,,74.03883361816406,,,,,
10,80699,,226.5926055908203,,,,,
10,80749,,273.4584045410156,,,,,
10,80799,,72.53160858154297,,,,,
10,80849,,111.2874755859375,,,,,
10,80899,,131.70249938964844,,,,,
10,80949,,80.6657943725586,,,,,
10,80999,,52.47169876098633,,,,,
10,81049,,59.42047119140625,,,,,
10,81099,,73.57925415039062,,,,,
10,81149,,78.08769989013672,,,,,
10,81199,,90.7614517211914,,,,,
10,81249,,58.39787292480469,,,,,
10,81299,,52.84061813354492,,,,,
10,81349,,69.353271484375,,,,,
10,81399,,64.04187774658203,,,,,
10,81449,,60.9122200012207,,,,,
10,81499,,61.197696685791016,,,,,
10,81549,,50.76365661621094,,,,,
10,81599,,73.49104309082031,,,,,
10,81649,,89.74881744384766,,,,,
10,81699,,67.54605865478516,,,,,
10,81749,,83.6170425415039,,,,,
10,81799,,56.1661491394043,,,,,
10,81849,,77.71977996826172,,,,,
10,81899,,69.0373764038086,,,,,
10,81949,,177.12310791015625,,,,,
10,81999,,118.66778564453125,,,,,
10,82049,,52.10883712768555,,,,,
10,82099,,62.7230224609375,,,,,
10,82149,,60.636444091796875,,,,,
10,82199,,90.44082641601562,,,,,
10,82249,,47.9547233581543,,,,,
10,82299,,361.0518798828125,,,,,
10,82349,,154.75022888183594,,,,,
10,82399,,661.0023803710938,,,,,
10,82449,,65.15805053710938,,,,,
10,82499,,50.39289855957031,,,,,
10,82549,,61.730289459228516,,,,,
10,82599,,94.39994049072266,,,,,
10,82649,,259.9353332519531,,,,,
10,82699,,59.967899322509766,,,,,
10,82749,,64.25907135009766,,,,,
10,82799,,101.1011734008789,,,,,
10,82849,,111.99066925048828,,,,,
10,82899,,149.19435119628906,,,,,
10,82949,,157.04734802246094,,,,,
10,82999,,125.44977569580078,,,,,
10,83049,,52.10013198852539,,,,,
10,83099,,78.67721557617188,,,,,
10,83149,,63.51605224609375,,,,,
10,83199,,69.27389526367188,,,,,
10,83249,,78.80570220947266,,,,,
10,83299,,97.6356430053711,,,,,
10,83349,,92.93206024169922,,,,,
10,83399,,58.4582633972168,,,,,
10,83449,,63.80466079711914,,,,,
10,83499,,121.7757797241211,,,,,
10,83549,,103.95687866210938,,,,,
10,83599,,63.81306076049805,,,,,
10,83649,,192.31341552734375,,,,,
10,83699,,159.316650390625,,,,,
10,83749,,440.2731018066406,,,,,
10,83799,,67.20743560791016,,,,,
10,83849,,541.7747802734375,,,,,
10,83899,,48.320343017578125,,,,,
10,83949,,64.95282745361328,,,,,
10,83999,,73.22152709960938,,,,,
10,84049,,191.24542236328125,,,,,
10,84099,,122.69522857666016,,,,,
10,84149,,56.9022331237793,,,,,
10,84199,,60.06528854370117,,,,,
10,84249,,76.79910278320312,,,,,
10,84299,,76.9182357788086,,,,,
10,84349,,103.86910247802734,,,,,
10,84399,,104.33495330810547,,,,,
10,84449,,54.1695671081543,,,,,
10,84499,,85.54415130615234,,,,,
10,84549,,91.18896484375,,,,,
10,84599,,76.65267944335938,,,,,
10,84649,,64.14163970947266,,,,,
10,84699,,66.47699737548828,,,,,
10,84749,,102.61865234375,,,,,
10,84799,,58.2867317199707,,,,,
10,84849,,83.5949935913086,,,,,
10,84899,,159.08900451660156,,,,,
10,84949,,82.14029693603516,,,,,
10,84999,,66.34307861328125,,,,,
10,85049,,72.25469970703125,,,,,
10,85099,,137.72021484375,,,,,
10,85149,,71.87627410888672,,,,,
10,85199,,178.13330078125,,,,,
10,85249,,112.08135223388672,,,,,
10,85299,,78.8342514038086,,,,,
10,85349,,407.8971252441406,,,,,
10,85399,,109.29386138916016,,,,,
10,85449,,59.0200309753418,,,,,
10,85499,,94.52938842773438,,,,,
10,85549,,93.33721923828125,,,,,
10,85599,,92.66506958007812,,,,,
10,85649,,153.9925994873047,,,,,
10,85699,,96.31533813476562,,,,,
10,85749,,59.995941162109375,,,,,
10,85799,,47.94426345825195,,,,,
10,85849,,80.07709503173828,,,,,
10,85899,,281.7602233886719,,,,,
10,85949,,69.50084686279297,,,,,
10,85999,,106.10462188720703,,,,,
10,86049,,85.15137481689453,,,,,
10,86099,,47.93190383911133,,,,,
10,86149,,67.03933715820312,,,,,
10,86199,,282.979248046875,,,,,
10,86249,,58.181884765625,,,,,
10,86299,,97.42064666748047,,,,,
10,86349,,64.15332794189453,,,,,
10,86399,,68.1114730834961,,,,,
10,86449,,81.85739135742188,,,,,
10,86499,,62.92411422729492,,,,,
10,86549,,157.2986297607422,,,,,
10,86599,,66.62308502197266,,,,,
10,86649,,75.06005859375,,,,,
10,86699,,59.26869201660156,,,,,
10,86749,,77.80146789550781,,,,,
10,86799,,79.1913070678711,,,,,
10,86849,,121.18338012695312,,,,,
10,86899,,86.4875259399414,,,,,
10,86949,,84.9946517944336,,,,,
10,86999,,92.29276275634766,,,,,
10,87049,,79.06121826171875,,,,,
10,87099,,38.41412353515625,,,,,
10,87149,,167.15623474121094,,,,,
10,87199,,227.5840301513672,,,,,
10,87249,,54.34794998168945,,,,,
10,87299,,103.0870590209961,,,,,
10,87349,,48.440799713134766,,,,,
10,87399,,93.46851348876953,,,,,
10,87449,,41.58150863647461,,,,,
10,87499,,85.17987823486328,,,,,
10,87549,,60.78508377075195,,,,,
10,87599,,98.30875396728516,,,,,
10,87649,,218.4849853515625,,,,,
10,87699,,63.30857467651367,,,,,
10,87749,,50.30452346801758,,,,,
10,87799,,90.78768157958984,,,,,
10,87812,,,55.22835159301758,33391.58984375,80.04518127441406,0.11584177613258362,40.04905319213867
10,87812,107.2478256225586,,,,,,
11,87849,,78.61968231201172,,,,,
11,87899,,78.60352325439453,,,,,
11,87949,,69.2361831665039,,,,,
11,87999,,54.87202453613281,,,,,
11,88049,,74.38595581054688,,,,,
11,88099,,80.11540985107422,,,,,
11,88149,,137.50965881347656,,,,,
11,88199,,61.39455795288086,,,,,
11,88249,,134.9467010498047,,,,,
11,88299,,114.5242691040039,,,,,
11,88349,,219.67018127441406,,,,,
11,88399,,168.03163146972656,,,,,
11,88449,,65.71233367919922,,,,,
11,88499,,56.5461540222168,,,,,
11,88549,,48.21132278442383,,,,,
11,88599,,121.434814453125,,,,,
11,88649,,256.7380065917969,,,,,
11,88699,,286.3207092285156,,,,,
11,88749,,163.06333923339844,,,,,
11,88799,,83.4183120727539,,,,,
11,88849,,66.43657684326172,,,,,
11,88899,,181.03265380859375,,,,,
11,88949,,134.2344207763672,,,,,
11,88999,,42.99676513671875,,,,,
11,89049,,99.19075775146484,,,,,
11,89099,,88.3180923461914,,,,,
11,89149,,205.2713165283203,,,,,
11,89199,,47.50795364379883,,,,,
11,89249,,270.1837158203125,,,,,
11,89299,,185.5181884765625,,,,,
11,89349,,158.51727294921875,,,,,
11,89399,,103.27557373046875,,,,,
11,89449,,72.42290496826172,,,,,
11,89499,,48.54634475708008,,,,,
11,89549,,70.18115234375,,,,,
11,89599,,172.4027557373047,,,,,
11,89649,,149.76600646972656,,,,,
11,89699,,66.03522491455078,,,,,
11,89749,,63.58939743041992,,,,,
11,89799,,109.85562133789062,,,,,
11,89849,,252.61181640625,,,,,
11,89899,,116.95492553710938,,,,,
11,89949,,56.15141677856445,,,,,
11,89999,,75.38288879394531,,,,,
11,90049,,86.3201675415039,,,,,
11,90099,,54.757843017578125,,,,,
11,90149,,134.4197540283203,,,,,
11,90199,,63.16031265258789,,,,,
11,90249,,69.24134063720703,,,,,
11,90299,,79.79818725585938,,,,,
11,90349,,189.44859313964844,,,,,
11,90399,,93.92193603515625,,,,,
11,90449,,208.2527618408203,,,,,
11,90499,,87.69881439208984,,,,,
11,90549,,55.51640319824219,,,,,
11,90599,,70.58636474609375,,,,,
11,90649,,118.69086456298828,,,,,
11,90699,,72.42584991455078,,,,,
11,90749,,65.35147857666016,,,,,
11,90799,,77.81148529052734,,,,,
11,90849,,78.89097595214844,,,,,
11,90899,,118.85323333740234,,,,,
11,90949,,57.28464889526367,,,,,
11,90999,,55.53193664550781,,,,,
11,91049,,68.77577209472656,,,,,
11,91099,,80.00743865966797,,,,,
11,91149,,82.68463134765625,,,,,
11,91199,,76.69806671142578,,,,,
11,91249,,118.39715576171875,,,,,
11,91299,,155.11911010742188,,,,,
11,91349,,167.54672241210938,,,,,
11,91399,,99.9649658203125,,,,,
11,91449,,88.4269027709961,,,,,
11,91499,,67.2508773803711,,,,,
11,91549,,133.24600219726562,,,,,
11,91599,,73.59001159667969,,,,,
11,91649,,107.74478912353516,,,,,
11,91699,,185.70301818847656,,,,,
11,91749,,96.28286743164062,,,,,
11,91799,,131.06939697265625,,,,,
11,91849,,72.97989654541016,,,,,
11,91899,,61.56465148925781,,,,,
11,91949,,69.22278594970703,,,,,
11,91999,,58.42423629760742,,,,,
11,92049,,247.15113830566406,,,,,
11,92099,,56.310699462890625,,,,,
11,92149,,73.96121978759766,,,,,
11,92199,,188.77467346191406,,,,,
11,92249,,101.75146484375,,,,,
11,92299,,71.684326171875,,,,,
11,92349,,152.18759155273438,,,,,
11,92399,,89.5823745727539,,,,,
11,92449,,75.72775268554688,,,,,
11,92499,,74.05133819580078,,,,,
11,92549,,45.84829330444336,,,,,
11,92599,,72.79828643798828,,,,,
11,92649,,147.42596435546875,,,,,
11,92699,,122.69210052490234,,,,,
11,92749,,110.46883392333984,,,,,
11,92799,,86.17364501953125,,,,,
11,92849,,162.36973571777344,,,,,
11,92899,,51.40779113769531,,,,,
11,92949,,77.90520477294922,,,,,
11,92999,,107.87911224365234,,,,,
11,93049,,61.65066146850586,,,,,
11,93099,,89.61896514892578,,,,,
11,93149,,74.45913696289062,,,,,
11,93199,,216.39430236816406,,,,,
11,93249,,82.73640441894531,,,,,
11,93299,,46.4083137512207,,,,,
11,93349,,73.3940200805664,,,,,
11,93399,,82.56395721435547,,,,,
11,93449,,225.5932159423828,,,,,
11,93499,,80.11515045166016,,,,,
11,93549,,116.18963623046875,,,,,
11,93599,,116.65746307373047,,,,,
11,93649,,40.64738464355469,,,,,
11,93699,,203.7068634033203,,,,,
11,93749,,66.63096618652344,,,,,
11,93799,,74.22649383544922,,,,,
11,93849,,126.45795440673828,,,,,
11,93899,,89.1920394897461,,,,,
11,93949,,63.63474655151367,,,,,
11,93999,,44.15708541870117,,,,,
11,94049,,54.99638366699219,,,,,
11,94099,,89.87435150146484,,,,,
11,94149,,102.97701263427734,,,,,
11,94199,,72.23420715332031,,,,,
11,94249,,214.3074493408203,,,,,
11,94299,,107.23310089111328,,,,,
11,94349,,65.36083221435547,,,,,
11,94399,,74.89710235595703,,,,,
11,94449,,105.28336334228516,,,,,
11,94499,,60.66856002807617,,,,,
11,94549,,77.6749267578125,,,,,
11,94599,,227.12220764160156,,,,,
11,94649,,118.27535247802734,,,,,
11,94699,,83.6724624633789,,,,,
11,94749,,60.57588577270508,,,,,
11,94799,,60.766082763671875,,,,,
11,94849,,227.7567901611328,,,,,
11,94899,,58.569915771484375,,,,,
11,94949,,53.898799896240234,,,,,
11,94999,,73.04226684570312,,,,,
11,95049,,71.30659484863281,,,,,
11,95099,,68.41141510009766,,,,,
11,95149,,210.2357635498047,,,,,
11,95199,,143.17779541015625,,,,,
11,95249,,85.02938842773438,,,,,
11,95299,,132.8438262939453,,,,,
11,95349,,61.4679069519043,,,,,
11,95399,,79.11382293701172,,,,,
11,95449,,56.73794174194336,,,,,
11,95499,,79.21027374267578,,,,,
11,95549,,78.28532409667969,,,,,
11,95599,,144.0625457763672,,,,,
11,95649,,100.68536376953125,,,,,
11,95699,,52.486358642578125,,,,,
11,95749,,50.47884750366211,,,,,
11,95795,,,54.565338134765625,30845.28125,78.930419921875,0.11713600903749466,39.80641555786133
11,95795,107.42755126953125,,,,,,
12,95799,,156.14808654785156,,,,,
12,95849,,51.273502349853516,,,,,
12,95899,,111.1009292602539,,,,,
12,95949,,95.6162338256836,,,,,
12,95999,,70.39396667480469,,,,,
12,96049,,102.49617767333984,,,,,
12,96099,,326.49554443359375,,,,,
12,96149,,108.36223602294922,,,,,
12,96199,,100.1668701171875,,,,,
12,96249,,96.708984375,,,,,
12,96299,,68.6655502319336,,,,,
12,96349,,77.20630645751953,,,,,
12,96399,,77.7178726196289,,,,,
12,96449,,75.15103912353516,,,,,
12,96499,,69.62686920166016,,,,,
12,96549,,68.6182632446289,,,,,
12,96599,,100.5575942993164,,,,,
12,96649,,171.0238037109375,,,,,
12,96699,,145.6133575439453,,,,,
12,96749,,60.87540817260742,,,,,
12,96799,,47.53239440917969,,,,,
12,96849,,50.21390914916992,,,,,
12,96899,,79.73551177978516,,,,,
12,96949,,152.8282928466797,,,,,
12,96999,,67.8143539428711,,,,,
12,97049,,52.762115478515625,,,,,
12,97099,,75.05355834960938,,,,,
12,97149,,67.21582794189453,,,,,
12,97199,,107.50157928466797,,,,,
12,97249,,74.35018920898438,,,,,
12,97299,,195.13365173339844,,,,,
12,97349,,100.46585083007812,,,,,
12,97399,,57.39007568359375,,,,,
12,97449,,137.7842559814453,,,,,
12,97499,,62.921417236328125,,,,,
12,97549,,116.30005645751953,,,,,
12,97599,,80.7888412475586,,,,,
12,97649,,62.63081741333008,,,,,
12,97699,,63.98920822143555,,,,,
12,97749,,94.72721099853516,,,,,
12,97799,,95.1087875366211,,,,,
12,97849,,135.18710327148438,,,,,
12,97899,,86.93194580078125,,,,,
12,97949,,74.16009521484375,,,,,
12,97999,,87.90323638916016,,,,,
12,98049,,53.80078125,,,,,
12,98099,,68.90056610107422,,,,,
12,98149,,104.62911987304688,,,,,
12,98199,,167.8571319580078,,,,,
12,98249,,86.6502685546875,,,,,
12,98299,,102.89200592041016,,,,,
12,98349,,143.843505859375,,,,,
12,98399,,168.8095245361328,,,,,
12,98449,,98.6045150756836,,,,,
12,98499,,70.46649932861328,,,,,
12,98549,,78.39611053466797,,,,,
12,98599,,56.07704544067383,,,,,
12,98649,,93.70157623291016,,,,,
12,98699,,135.48046875,,,,,
12,98749,,89.4500732421875,,,,,
12,98799,,155.71682739257812,,,,,
12,98849,,85.04059600830078,,,,,
12,98899,,75.83431243896484,,,,,
12,98949,,51.6614875793457,,,,,
12,98999,,79.47608184814453,,,,,
12,99049,,327.86083984375,,,,,
12,99099,,68.0523452758789,,,,,
12,99149,,50.55158615112305,,,,,
12,99199,,104.7114486694336,,,,,
12,99249,,197.110595703125,,,,,
12,99299,,80.81889343261719,,,,,
12,99349,,130.58592224121094,,,,,
12,99399,,61.60528564453125,,,,,
12,99449,,56.57038497924805,,,,,
12,99499,,71.9255142211914,,,,,
12,99549,,68.92760467529297,,,,,
12,99599,,105.56485748291016,,,,,
12,99649,,81.73409271240234,,,,,
12,99699,,95.88900756835938,,,,,
12,99749,,75.7210464477539,,,,,
12,99799,,49.832767486572266,,,,,
12,99849,,95.70101165771484,,,,,
12,99899,,116.5503158569336,,,,,
12,99949,,129.5538330078125,,,,,
12,99999,,94.56087493896484,,,,,
12,100049,,71.15254211425781,,,,,
12,100099,,51.75181579589844,,,,,
12,100149,,82.00623321533203,,,,,
12,100199,,74.0382080078125,,,,,
12,100249,,58.36225891113281,,,,,
12,100299,,74.8052749633789,,,,,
12,100349,,368.4023132324219,,,,,
12,100399,,48.314300537109375,,,,,
12,100449,,74.13678741455078,,,,,
12,100499,,62.735721588134766,,,,,
12,100549,,105.00357818603516,,,,,
12,100599,,86.12496948242188,,,,,
12,100649,,96.5294189453125,,,,,
12,100699,,134.9318084716797,,,,,
12,100749,,57.276763916015625,,,,,
12,100799,,119.441162109375,,,,,
12,100849,,112.46488189697266,,,,,
12,100899,,68.25817108154297,,,,,
12,100949,,108.19361114501953,,,,,
12,100999,,90.88076782226562,,,,,
12,101049,,68.25658416748047,,,,,
12,101099,,77.9314193725586,,,,,
12,101149,,196.6542510986328,,,,,
12,101199,,44.968353271484375,,,,,
12,101249,,70.34302520751953,,,,,
12,101299,,380.7179260253906,,,,,
12,101349,,187.2688446044922,,,,,
12,101399,,420.6234436035156,,,,,
12,101449,,72.99475860595703,,,,,
12,101499,,72.53299713134766,,,,,
12,101549,,65.4410629272461,,,,,
12,101599,,74.98905181884766,,,,,
12,101649,,88.8772201538086,,,,,
12,101699,,79.8614730834961,,,,,
12,101749,,120.8479232788086,,,,,
12,101799,,91.3629379272461,,,,,
12,101849,,56.1916389465332,,,,,
12,101899,,65.23944091796875,,,,,
12,101949,,89.80435943603516,,,,,
12,101999,,80.16580963134766,,,,,
12,102049,,52.03138732910156,,,,,
12,102099,,180.05531311035156,,,,,
12,102149,,108.114990234375,,,,,
12,102199,,97.1594467163086,,,,,
12,102249,,137.0841522216797,,,,,
12,102299,,44.009639739990234,,,,,
12,102349,,48.407657623291016,,,,,
12,102399,,80.09309387207031,,,,,
12,102449,,71.5367660522461,,,,,
12,102499,,74.01426696777344,,,,,
12,102549,,73.50872039794922,,,,,
12,102599,,72.96018981933594,,,,,
12,102649,,114.05989837646484,,,,,
12,102699,,207.1342010498047,,,,,
12,102749,,64.7850112915039,,,,,
12,102799,,78.46073150634766,,,,,
12,102849,,80.78311920166016,,,,,
12,102899,,503.4830627441406,,,,,
12,102949,,156.0514678955078,,,,,
12,102999,,62.15458679199219,,,,,
12,103049,,59.48565673828125,,,,,
12,103099,,51.01968765258789,,,,,
12,103149,,82.69738006591797,,,,,
12,103199,,173.3712158203125,,,,,
12,103249,,138.6209716796875,,,,,
12,103299,,138.3036651611328,,,,,
12,103349,,103.51458740234375,,,,,
12,103399,,54.28538131713867,,,,,
12,103449,,61.8644905090332,,,,,
12,103499,,167.45233154296875,,,,,
12,103549,,123.60467529296875,,,,,
12,103599,,78.87348175048828,,,,,
12,103649,,54.53192138671875,,,,,
12,103699,,98.72615814208984,,,,,
12,103749,,108.29085540771484,,,,,
12,103778,,,54.38900375366211,36907.6953125,78.8326416015625,0.11397132277488708,39.28929901123047
12,103778,106.04854583740234,,,,,,
13,103799,,120.11492919921875,,,,,
13,103849,,341.5989685058594,,,,,
13,103899,,47.89873123168945,,,,,
13,103949,,66.15348052978516,,,,,
13,103999,,101.41128540039062,,,,,
13,104049,,203.354248046875,,,,,
13,104099,,62.88075637817383,,,,,
13,104149,,225.2665557861328,,,,,
13,104199,,50.05699157714844,,,,,
13,104249,,91.2833251953125,,,,,
13,104299,,55.18001174926758,,,,,
13,104349,,136.88668823242188,,,,,
13,104399,,213.24072265625,,,,,
13,104449,,395.185546875,,,,,
13,104499,,61.89347457885742,,,,,
13,104549,,127.5084228515625,,,,,
13,104599,,70.54205322265625,,,,,
13,104649,,135.57957458496094,,,,,
13,104699,,164.223876953125,,,,,
13,104749,,90.83056640625,,,,,
13,104799,,131.1996612548828,,,,,
13,104849,,54.33525466918945,,,,,
13,104899,,90.06587982177734,,,,,
13,104949,,52.61952590942383,,,,,
13,104999,,189.9097137451172,,,,,
13,105049,,69.22396850585938,,,,,
13,105099,,47.2005500793457,,,,,
13,105149,,123.46356964111328,,,,,
13,105199,,117.10363006591797,,,,,
13,105249,,183.4667205810547,,,,,
13,105299,,193.8268280029297,,,,,
13,105349,,67.52582550048828,,,,,
13,105399,,83.83527374267578,,,,,
13,105449,,117.12735748291016,,,,,
13,105499,,94.61627197265625,,,,,
13,105549,,82.66622161865234,,,,,
13,105599,,126.50845336914062,,,,,
13,105649,,142.37208557128906,,,,,
13,105699,,79.61170196533203,,,,,
13,105749,,67.85861206054688,,,,,
13,105799,,81.64551544189453,,,,,
13,105849,,107.76168823242188,,,,,
13,105899,,122.26181030273438,,,,,
13,105949,,58.917476654052734,,,,,
13,105999,,86.0183334350586,,,,,
13,106049,,208.6459197998047,,,,,
13,106099,,281.9363708496094,,,,,
13,106149,,142.48423767089844,,,,,
13,106199,,67.22107696533203,,,,,
13,106249,,123.49686431884766,,,,,
13,106299,,81.0823974609375,,,,,
13,106349,,85.13919830322266,,,,,
13,106399,,98.33111572265625,,,,,
13,106449,,255.1545867919922,,,,,
13,106499,,86.0531234741211,,,,,
13,106549,,158.5970001220703,,,,,
13,106599,,62.52253723144531,,,,,
13,106649,,103.04058837890625,,,,,
13,106699,,148.1456756591797,,,,,
13,106749,,145.2559814453125,,,,,
13,106799,,373.9732360839844,,,,,
13,106849,,118.86161041259766,,,,,
13,106899,,67.82974243164062,,,,,
13,106949,,52.819366455078125,,,,,
13,106999,,107.0268783569336,,,,,
13,107049,,357.6238708496094,,,,,
13,107099,,99.737548828125,,,,,
13,107149,,235.0643310546875,,,,,
13,107199,,82.15806579589844,,,,,
13,107249,,207.7854766845703,,,,,
13,107299,,131.13720703125,,,,,
13,107349,,111.00862884521484,,,,,
13,107399,,208.3711395263672,,,,,
13,107449,,82.54375457763672,,,,,
13,107499,,60.11884689331055,,,,,
13,107549,,74.20700073242188,,,,,
13,107599,,171.6834716796875,,,,,
13,107649,,64.62926483154297,,,,,
13,107699,,67.48531341552734,,,,,
13,107749,,84.0867919921875,,,,,
13,107799,,126.11695098876953,,,,,
13,107849,,90.56256103515625,,,,,
13,107899,,90.5798110961914,,,,,
13,107949,,65.5771255493164,,,,,
13,107999,,58.667850494384766,,,,,
13,108049,,110.96258544921875,,,,,
13,108099,,65.03607177734375,,,,,
13,108149,,64.9776840209961,,,,,
13,108199,,138.96307373046875,,,,,
13,108249,,55.95698165893555,,,,,
13,108299,,419.06689453125,,,,,
13,108349,,67.10055541992188,,,,,
13,108399,,104.14301300048828,,,,,
13,108449,,196.9717254638672,,,,,
13,108499,,76.5400619506836,,,,,
13,108549,,78.97559356689453,,,,,
13,108599,,61.89863967895508,,,,,
13,108649,,58.30743408203125,,,,,
13,108699,,127.67989349365234,,,,,
13,108749,,56.36275863647461,,,,,
13,108799,,61.67042541503906,,,,,
13,108849,,98.88614654541016,,,,,
13,108899,,178.2106170654297,,,,,
13,108949,,61.388580322265625,,,,,
13,108999,,105.47452545166016,,,,,
13,109049,,66.68038177490234,,,,,
13,109099,,88.3724594116211,,,,,
13,109149,,92.4983139038086,,,,,
13,109199,,60.5837516784668,,,,,
13,109249,,66.77458190917969,,,,,
13,109299,,112.28606414794922,,,,,
13,109349,,57.09444046020508,,,,,
13,109399,,75.85369110107422,,,,,
13,109449,,143.5332489013672,,,,,
13,109499,,52.3662223815918,,,,,
13,109549,,81.6681900024414,,,,,
13,109599,,70.72018432617188,,,,,
13,109649,,140.4258575439453,,,,,
13,109699,,100.67770385742188,,,,,
13,109749,,116.66638946533203,,,,,
13,109799,,200.0902862548828,,,,,
13,109849,,87.99987030029297,,,,,
13,109899,,151.10952758789062,,,,,
13,109949,,257.1142578125,,,,,
13,109999,,61.259952545166016,,,,,
13,110049,,71.50252532958984,,,,,
13,110099,,180.9711151123047,,,,,
13,110149,,63.39008712768555,,,,,
13,110199,,123.37603759765625,,,,,
13,110249,,295.9625549316406,,,,,
13,110299,,112.5727310180664,,,,,
13,110349,,79.40525817871094,,,,,
13,110399,,171.2707061767578,,,,,
13,110449,,58.17130661010742,,,,,
13,110499,,99.09286499023438,,,,,
13,110549,,108.15726470947266,,,,,
13,110599,,43.5226936340332,,,,,
13,110649,,155.58848571777344,,,,,
13,110699,,58.12559509277344,,,,,
13,110749,,87.00537109375,,,,,
13,110799,,63.20700454711914,,,,,
13,110849,,76.25747680664062,,,,,
13,110899,,98.63129425048828,,,,,
13,110949,,118.60333251953125,,,,,
13,110999,,83.42219543457031,,,,,
13,111049,,118.486328125,,,,,
13,111099,,75.0455551147461,,,,,
13,111149,,61.96477127075195,,,,,
13,111199,,93.59041595458984,,,,,
13,111249,,42.809635162353516,,,,,
13,111299,,65.72833251953125,,,,,
13,111349,,120.01508331298828,,,,,
13,111399,,62.3335075378418,,,,,
13,111449,,127.37765502929688,,,,,
13,111499,,59.5817756652832,,,,,
13,111549,,157.2861785888672,,,,,
13,111599,,56.336517333984375,,,,,
13,111649,,89.16551971435547,,,,,
13,111699,,50.7164306640625,,,,,
13,111749,,108.14389038085938,,,,,
13,111761,,,53.96907043457031,32978.046875,78.19926452636719,0.1138702854514122,39.137569427490234
13,111761,105.61347198486328,,,,,,
14,111799,,220.5387725830078,,,,,
14,111849,,77.342041015625,,,,,
14,111899,,56.83769226074219,,,,,
14,111949,,122.66414642333984,,,,,
14,111999,,89.041259765625,,,,,
14,112049,,69.10575103759766,,,,,
14,112099,,82.23760986328125,,,,,
14,112149,,226.8887939453125,,,,,
14,112199,,80.5196533203125,,,,,
14,112249,,114.77144622802734,,,,,
14,112299,,52.6253547668457,,,,,
14,112349,,93.67720794677734,,,,,
14,112399,,71.90099334716797,,,,,
14,112449,,140.53533935546875,,,,,
14,112499,,117.35367584228516,,,,,
14,112549,,76.16506958007812,,,,,
14,112599,,116.456787109375,,,,,
14,112649,,78.84561920166016,,,,,
14,112699,,171.87457275390625,,,,,
14,112749,,224.10643005371094,,,,,
14,112799,,129.81732177734375,,,,,
14,112849,,128.63409423828125,,,,,
14,112899,,59.79609298706055,,,,,
14,112949,,72.93941497802734,,,,,
14,112999,,126.79916381835938,,,,,
14,113049,,255.24302673339844,,,,,
14,113099,,238.6969757080078,,,,,
14,113149,,75.78216552734375,,,,,
14,113199,,363.1051025390625,,,,,
14,113249,,76.2993392944336,,,,,
14,113299,,55.115875244140625,,,,,
14,113349,,173.38685607910156,,,,,
14,113399,,63.75136184692383,,,,,
14,113449,,176.1609344482422,,,,,
14,113499,,226.1563262939453,,,,,
14,113549,,113.91494750976562,,,,,
14,113599,,127.00153350830078,,,,,
14,113649,,149.23814392089844,,,,,
14,113699,,110.19156646728516,,,,,
14,113749,,88.53912353515625,,,,,
14,113799,,76.64281463623047,,,,,
14,113849,,79.05061340332031,,,,,
14,113899,,97.80496215820312,,,,,
14,113949,,48.18467712402344,,,,,
14,113999,,149.16647338867188,,,,,
14,114049,,59.9652099609375,,,,,
14,114099,,64.23357391357422,,,,,
14,114149,,71.5203857421875,,,,,
14,114199,,57.86406326293945,,,,,
14,114249,,71.90204620361328,,,,,
14,114299,,145.5596466064453,,,,,
14,114349,,77.16769409179688,,,,,
14,114399,,118.84296417236328,,,,,
14,114449,,119.10701751708984,,,,,
14,114499,,79.11654663085938,,,,,
14,114549,,73.79476165771484,,,,,
14,114599,,91.313232421875,,,,,
14,114649,,85.4413070678711,,,,,
14,114699,,68.45415496826172,,,,,
14,114749,,44.32034683227539,,,,,
14,114799,,64.07234954833984,,,,,
14,114849,,134.9500274658203,,,,,
14,114899,,238.4573974609375,,,,,
14,114949,,82.24191284179688,,,,,
14,114999,,104.8638687133789,,,,,
14,115049,,299.3731689453125,,,,,
14,115099,,137.32440185546875,,,,,
14,115149,,90.16996002197266,,,,,
14,115199,,58.5773811340332,,,,,
14,115249,,70.26786804199219,,,,,
14,115299,,71.27440643310547,,,,,
14,115349,,72.9677734375,,,,,
14,115399,,171.35394287109375,,,,,
14,115449,,52.0757942199707,,,,,
14,115499,,190.1151580810547,,,,,
14,115549,,103.44437408447266,,,,,
14,115599,,102.90225982666016,,,,,
14,115649,,93.0106430053711,,,,,
14,115699,,100.88201904296875,,,,,
14,115749,,84.45296478271484,,,,,
14,115799,,122.03128814697266,,,,,
14,115849,,58.5320930480957,,,,,
14,115899,,85.99197387695312,,,,,
14,115949,,101.31588745117188,,,,,
14,115999,,50.69169235229492,,,,,
14,116049,,230.2233428955078,,,,,
14,116099,,60.84345626831055,,,,,
14,116149,,134.4197235107422,,,,,
14,116199,,65.68219757080078,,,,,
14,116249,,144.6149139404297,,,,,
14,116299,,115.28851318359375,,,,,
14,116349,,52.76959228515625,,,,,
14,116399,,93.3917007446289,,,,,
14,116449,,83.50885009765625,,,,,
14,116499,,103.00863647460938,,,,,
14,116549,,65.35309600830078,,,,,
14,116599,,186.68231201171875,,,,,
14,116649,,55.89149475097656,,,,,
14,116699,,102.4811019897461,,,,,
14,116749,,89.5206527709961,,,,,
14,116799,,123.68087768554688,,,,,
14,116849,,78.90438079833984,,,,,
14,116899,,184.3267822265625,,,,,
14,116949,,155.4082794189453,,,,,
14,116999,,103.97037506103516,,,,,
14,117049,,93.88079833984375,,,,,
14,117099,,157.84979248046875,,,,,
14,117149,,59.80204391479492,,,,,
14,117199,,80.12299346923828,,,,,
14,117249,,65.04972076416016,,,,,
14,117299,,59.49342727661133,,,,,
14,117349,,45.80559158325195,,,,,
14,117399,,69.80304718017578,,,,,
14,117449,,55.03904342651367,,,,,
14,117499,,69.8064193725586,,,,,
14,117549,,98.401611328125,,,,,
14,117599,,191.53466796875,,,,,
14,117649,,99.69467163085938,,,,,
14,117699,,73.06148529052734,,,,,
14,117749,,109.4093246459961,,,,,
14,117799,,50.15623092651367,,,,,
14,117849,,76.0120620727539,,,,,
14,117899,,105.47359466552734,,,,,
14,117949,,135.77613830566406,,,,,
14,117999,,68.61507415771484,,,,,
14,118049,,66.8622817993164,,,,,
14,118099,,235.23118591308594,,,,,
14,118149,,55.923614501953125,,,,,
14,118199,,416.4088439941406,,,,,
14,118249,,191.6817626953125,,,,,
14,118299,,80.4389877319336,,,,,
14,118349,,47.35853958129883,,,,,
14,118399,,89.1655502319336,,,,,
14,118449,,56.14631271362305,,,,,
14,118499,,169.99732971191406,,,,,
14,118549,,153.3337860107422,,,,,
14,118599,,106.9264144897461,,,,,
14,118649,,65.35626983642578,,,,,
14,118699,,193.71295166015625,,,,,
14,118749,,169.60874938964844,,,,,
14,118799,,133.65736389160156,,,,,
14,118849,,73.13147735595703,,,,,
14,118899,,76.11856842041016,,,,,
14,118949,,76.8983154296875,,,,,
14,118999,,57.7762336730957,,,,,
14,119049,,67.969970703125,,,,,
14,119099,,62.56736373901367,,,,,
14,119149,,157.44773864746094,,,,,
14,119199,,55.304264068603516,,,,,
14,119249,,72.81314849853516,,,,,
14,119299,,246.19781494140625,,,,,
14,119349,,107.9906005859375,,,,,
14,119399,,68.0346908569336,,,,,
14,119449,,82.09020233154297,,,,,
14,119499,,78.45915985107422,,,,,
14,119549,,68.8475341796875,,,,,
14,119599,,273.0857238769531,,,,,
14,119649,,279.030517578125,,,,,
14,119699,,59.159454345703125,,,,,
14,119744,,,53.922847747802734,40936.1328125,78.75321197509766,0.11562343686819077,39.17755126953125
14,119744,104.99243927001953,,,,,,
15,119749,,63.48978805541992,,,,,
15,119799,,69.33999633789062,,,,,
15,119849,,76.61522674560547,,,,,
15,119899,,55.23111343383789,,,,,
15,119949,,83.13907623291016,,,,,
15,119999,,65.47222900390625,,,,,
15,120049,,132.6019744873047,,,,,
15,120099,,73.10628509521484,,,,,
15,120149,,69.66170501708984,,,,,
15,120199,,355.2862243652344,,,,,
15,120249,,159.81175231933594,,,,,
15,120299,,83.80754089355469,,,,,
15,120349,,124.4383316040039,,,,,
15,120399,,92.61376190185547,,,,,
15,120449,,95.1307144165039,,,,,
15,120499,,81.20133209228516,,,,,
15,120549,,80.45030975341797,,,,,
15,120599,,68.59426879882812,,,,,
15,120649,,115.6851577758789,,,,,
15,120699,,66.95262908935547,,,,,
15,120749,,47.55827331542969,,,,,
15,120799,,89.6999282836914,,,,,
15,120849,,53.87302017211914,,,,,
15,120899,,86.7461166381836,,,,,
15,120949,,117.57522583007812,,,,,
15,120999,,60.362823486328125,,,,,
15,121049,,53.71280288696289,,,,,
15,121099,,72.10832214355469,,,,,
15,121149,,143.90345764160156,,,,,
15,121199,,68.97664642333984,,,,,
15,121249,,52.384124755859375,,,,,
15,121299,,96.55780029296875,,,,,
15,121349,,51.45353317260742,,,,,
15,121399,,105.7022933959961,,,,,
15,121449,,99.24395751953125,,,,,
15,121499,,101.28353881835938,,,,,
15,121549,,46.4982795715332,,,,,
15,121599,,114.45609283447266,,,,,
15,121649,,105.11518096923828,,,,,
15,121699,,125.29688262939453,,,,,
15,121749,,56.54548263549805,,,,,
15,121799,,69.63973999023438,,,,,
15,121849,,74.92827606201172,,,,,
15,121899,,209.9761962890625,,,,,
15,121949,,245.7281494140625,,,,,
15,121999,,70.40078735351562,,,,,
15,122049,,122.6352310180664,,,,,
15,122099,,45.37001419067383,,,,,
15,122149,,95.44266510009766,,,,,
15,122199,,144.80686950683594,,,,,
15,122249,,93.1160888671875,,,,,
15,122299,,121.71844482421875,,,,,
15,122349,,84.35643768310547,,,,,
15,122399,,134.9034423828125,,,,,
15,122449,,102.19507598876953,,,,,
15,122499,,137.53831481933594,,,,,
15,122549,,56.072662353515625,,,,,
15,122599,,186.1302947998047,,,,,
15,122649,,59.6356201171875,,,,,
15,122699,,54.20903015136719,,,,,
15,122749,,105.03875732421875,,,,,
15,122799,,64.33142852783203,,,,,
15,122849,,76.08983612060547,,,,,
15,122899,,69.34396362304688,,,,,
15,122949,,195.07635498046875,,,,,
15,122999,,100.46157836914062,,,,,
15,123049,,226.70697021484375,,,,,
15,123099,,118.91204833984375,,,,,
15,123149,,90.73436737060547,,,,,
15,123199,,50.12672805786133,,,,,
15,123249,,162.18841552734375,,,,,
15,123299,,87.05228424072266,,,,,
15,123349,,74.59947967529297,,,,,
15,123399,,89.1836929321289,,,,,
15,123449,,63.00449752807617,,,,,
15,123499,,87.8589096069336,,,,,
15,123549,,104.9374008178711,,,,,
15,123599,,54.23588562011719,,,,,
15,123649,,84.01502227783203,,,,,
15,123699,,52.66946029663086,,,,,
15,123749,,238.32762145996094,,,,,
15,123799,,55.749210357666016,,,,,
15,123849,,233.56394958496094,,,,,
15,123899,,53.75172805786133,,,,,
15,123949,,337.8644104003906,,,,,
15,123999,,71.72578430175781,,,,,
15,124049,,68.89790344238281,,,,,
15,124099,,63.11404800415039,,,,,
15,124149,,220.7853546142578,,,,,
15,124199,,60.533477783203125,,,,,
15,124249,,45.039581298828125,,,,,
15,124299,,181.8290252685547,,,,,
15,124349,,34.714630126953125,,,,,
15,124399,,64.0488052368164,,,,,
15,124449,,106.938720703125,,,,,
15,124499,,77.20645904541016,,,,,
15,124549,,61.56354904174805,,,,,
15,124599,,63.54826736450195,,,,,
15,124649,,96.62353515625,,,,,
15,124699,,223.7593994140625,,,,,
15,124749,,70.8798599243164,,,,,
15,124799,,106.30970001220703,,,,,
15,124849,,47.5620231628418,,,,,
15,124899,,116.3471450805664,,,,,
15,124949,,64.6168441772461,,,,,
15,124999,,164.1237030029297,,,,,
15,125049,,112.22613525390625,,,,,
15,125099,,59.65605163574219,,,,,
15,125149,,58.58713912963867,,,,,
15,125199,,94.82535552978516,,,,,
15,125249,,69.8962173461914,,,,,
15,125299,,129.19264221191406,,,,,
15,125349,,149.23123168945312,,,,,
15,125399,,95.48348236083984,,,,,
15,125449,,76.90000915527344,,,,,
15,125499,,317.6634521484375,,,,,
15,125549,,79.25756072998047,,,,,
15,125599,,78.31018829345703,,,,,
15,125649,,58.63266372680664,,,,,
15,125699,,64.2188949584961,,,,,
15,125749,,93.87459564208984,,,,,
15,125799,,96.51531982421875,,,,,
15,125849,,116.30292510986328,,,,,
15,125899,,70.19944763183594,,,,,
15,125949,,96.63155364990234,,,,,
15,125999,,108.5277328491211,,,,,
15,126049,,99.61260986328125,,,,,
15,126099,,187.44842529296875,,,,,
15,126149,,47.19596481323242,,,,,
15,126199,,90.01786041259766,,,,,
15,126249,,79.15206146240234,,,,,
15,126299,,57.50458908081055,,,,,
15,126349,,63.92251968383789,,,,,
15,126399,,273.0894470214844,,,,,
15,126449,,119.8521957397461,,,,,
15,126499,,64.71084594726562,,,,,
15,126549,,64.97176361083984,,,,,
15,126599,,84.82154083251953,,,,,
15,126649,,295.44830322265625,,,,,
15,126699,,264.5166320800781,,,,,
15,126749,,106.48052978515625,,,,,
15,126799,,48.54790115356445,,,,,
15,126849,,224.5483856201172,,,,,
15,126899,,80.7955322265625,,,,,
15,126949,,75.82756805419922,,,,,
15,126999,,71.1383285522461,,,,,
15,127049,,109.23892211914062,,,,,
15,127099,,87.43904876708984,,,,,
15,127149,,152.853515625,,,,,
15,127199,,65.93334197998047,,,,,
15,127249,,175.73545837402344,,,,,
15,127299,,66.5435562133789,,,,,
15,127349,,93.3111572265625,,,,,
15,127399,,100.83719635009766,,,,,
15,127449,,225.7285614013672,,,,,
15,127499,,147.375244140625,,,,,
15,127549,,79.25228118896484,,,,,
15,127599,,145.2184600830078,,,,,
15,127649,,159.55572509765625,,,,,
15,127699,,190.3719940185547,,,,,
15,127727,,,53.92058181762695,49888.4765625,78.65399932861328,0.11585315316915512,39.181217193603516
15,127727,105.43848419189453,,,,,,
16,127749,,60.30720520019531,,,,,
16,127799,,96.75674438476562,,,,,
16,127849,,68.3855972290039,,,,,
16,127899,,51.35512161254883,,,,,
16,127949,,95.45111846923828,,,,,
16,127999,,82.11418151855469,,,,,
16,128049,,188.58299255371094,,,,,
16,128099,,72.75373077392578,,,,,
16,128149,,68.96784210205078,,,,,
16,128199,,199.2623291015625,,,,,
16,128249,,136.36488342285156,,,,,
16,128299,,46.95555114746094,,,,,
16,128349,,144.2249755859375,,,,,
16,128399,,70.89041900634766,,,,,
16,128449,,91.57975006103516,,,,,
16,128499,,89.74755859375,,,,,
16,128549,,55.074462890625,,,,,
16,128599,,70.05867767333984,,,,,
16,128649,,69.70706176757812,,,,,
16,128699,,76.18989562988281,,,,,
16,128749,,98.88056182861328,,,,,
16,128799,,138.92092895507812,,,,,
16,128849,,80.79230499267578,,,,,
16,128899,,105.01751708984375,,,,,
16,128949,,82.72460174560547,,,,,
16,128999,,157.2903594970703,,,,,
16,129049,,106.98201751708984,,,,,
16,129099,,252.2854461669922,,,,,
16,129149,,64.82360076904297,,,,,
16,129199,,65.78361511230469,,,,,
16,129249,,49.761234283447266,,,,,
16,129299,,164.78929138183594,,,,,
16,129349,,99.08512115478516,,,,,
16,129399,,453.2127990722656,,,,,
16,129449,,186.9129180908203,,,,,
16,129499,,62.59688186645508,,,,,
16,129549,,113.1539306640625,,,,,
16,129599,,48.92277145385742,,,,,
16,129649,,71.19671630859375,,,,,
16,129699,,127.8837890625,,,,,
16,129749,,61.6204948425293,,,,,
16,129799,,123.20584869384766,,,,,
16,129849,,128.05751037597656,,,,,
16,129899,,102.4139404296875,,,,,
16,129949,,409.8379821777344,,,,,
16,129999,,95.4004135131836,,,,,
16,130049,,64.66606903076172,,,,,
16,130099,,88.6253890991211,,,,,
16,130149,,206.45587158203125,,,,,
16,130199,,116.73233795166016,,,,,
16,130249,,140.34942626953125,,,,,
16,130299,,154.4265899658203,,,,,
16,130349,,169.80877685546875,,,,,
16,130399,,231.1886749267578,,,,,
16,130449,,82.55806732177734,,,,,
16,130499,,145.0089111328125,,,,,
16,130549,,65.83336639404297,,,,,
16,130599,,210.5691680908203,,,,,
16,130649,,56.308929443359375,,,,,
16,130699,,78.97643280029297,,,,,
16,130749,,51.03388595581055,,,,,
16,130799,,189.26487731933594,,,,,
16,130849,,64.6501235961914,,,,,
16,130899,,75.82379913330078,,,,,
16,130949,,73.6834487915039,,,,,
16,130999,,54.03873825073242,,,,,
16,131049,,86.59951782226562,,,,,
16,131099,,66.21882629394531,,,,,
16,131149,,78.01298522949219,,,,,
16,131199,,55.77463912963867,,,,,
16,131249,,80.4710922241211,,,,,
16,131299,,63.92352294921875,,,,,
16,131349,,40.79327392578125,,,,,
16,131399,,75.1325454711914,,,,,
16,131449,,55.56545639038086,,,,,
16,131499,,47.339290618896484,,,,,
16,131549,,79.0921401977539,,,,,
16,131599,,137.7678680419922,,,,,
16,131649,,319.5721740722656,,,,,
16,131699,,80.9164810180664,,,,,
16,131749,,61.06172561645508,,,,,
16,131799,,155.4015350341797,,,,,
16,131849,,61.01740646362305,,,,,
16,131899,,121.71349334716797,,,,,
16,131949,,52.37153244018555,,,,,
16,131999,,46.25175476074219,,,,,
16,132049,,77.8317642211914,,,,,
16,132099,,249.7788543701172,,,,,
16,132149,,152.19969177246094,,,,,
16,132199,,67.2045669555664,,,,,
16,132249,,193.34613037109375,,,,,
16,132299,,114.84244537353516,,,,,
16,132349,,68.0974349975586,,,,,
16,132399,,50.24149703979492,,,,,
16,132449,,108.68372344970703,,,,,
16,132499,,108.37689971923828,,,,,
16,132549,,60.34238815307617,,,,,
16,132599,,79.62844848632812,,,,,
16,132649,,303.6733093261719,,,,,
16,132699,,103.81222534179688,,,,,
16,132749,,215.4825897216797,,,,,
16,132799,,93.3734130859375,,,,,
16,132849,,261.60406494140625,,,,,
16,132899,,50.00096130371094,,,,,
16,132949,,92.14688873291016,,,,,
16,132999,,99.11822509765625,,,,,
16,133049,,65.3598403930664,,,,,
16,133099,,112.87139892578125,,,,,
16,133149,,100.56033325195312,,,,,
16,133199,,116.94287109375,,,,,
16,133249,,44.51054000854492,,,,,
16,133299,,71.79898834228516,,,,,
16,133349,,91.33989715576172,,,,,
16,133399,,69.83865356445312,,,,,
16,133449,,73.43883514404297,,,,,
16,133499,,141.35716247558594,,,,,
16,133549,,79.17670440673828,,,,,
16,133599,,66.52288055419922,,,,,
16,133649,,90.31073760986328,,,,,
16,133699,,257.86920166015625,,,,,
16,133749,,82.93126678466797,,,,,
16,133799,,100.87679290771484,,,,,
16,133849,,161.6039276123047,,,,,
16,133899,,61.85276412963867,,,,,
16,133949,,104.84552001953125,,,,,
16,133999,,184.23426818847656,,,,,
16,134049,,90.5128402709961,,,,,
16,134099,,58.08962631225586,,,,,
16,134149,,127.09228515625,,,,,
16,134199,,110.1160659790039,,,,,
16,134249,,44.1087646484375,,,,,
16,134299,,125.27224731445312,,,,,
16,134349,,499.059326171875,,,,,
16,134399,,117.82525634765625,,,,,
16,134449,,70.8173599243164,,,,,
16,134499,,77.0283203125,,,,,
16,134549,,95.80978393554688,,,,,
16,134599,,145.68154907226562,,,,,
16,134649,,79.37679290771484,,,,,
16,134699,,82.69922637939453,,,,,
16,134749,,402.5953063964844,,,,,
16,134799,,144.57489013671875,,,,,
16,134849,,129.64442443847656,,,,,
16,134899,,90.36052703857422,,,,,
16,134949,,58.22274398803711,,,,,
16,134999,,117.24081420898438,,,,,
16,135049,,80.36721801757812,,,,,
16,135099,,138.3597412109375,,,,,
16,135149,,91.85210418701172,,,,,
16,135199,,210.1845703125,,,,,
16,135249,,79.95206451416016,,,,,
16,135299,,84.00531768798828,,,,,
16,135349,,100.18255615234375,,,,,
16,135399,,220.8350067138672,,,,,
16,135449,,237.6617431640625,,,,,
16,135499,,62.29197311401367,,,,,
16,135549,,94.30712127685547,,,,,
16,135599,,49.27140426635742,,,,,
16,135649,,287.19921875,,,,,
16,135699,,62.95261764526367,,,,,
16,135710,,,54.08860397338867,49055.47265625,78.88070678710938,0.11410362273454666,39.27037811279297
16,135710,104.35684967041016,,,,,,
17,135749,,62.741607666015625,,,,,
17,135799,,361.4248352050781,,,,,
17,135849,,111.2387924194336,,,,,
17,135899,,89.5508041381836,,,,,
17,135949,,93.64579010009766,,,,,
17,135999,,100.4419937133789,,,,,
17,136049,,80.42294311523438,,,,,
17,136099,,68.9145736694336,,,,,
17,136149,,213.2659149169922,,,,,
17,136199,,130.9758758544922,,,,,
17,136249,,67.14376831054688,,,,,
17,136299,,68.519775390625,,,,,
17,136349,,43.03519821166992,,,,,
17,136399,,60.54783248901367,,,,,
17,136449,,37.96831130981445,,,,,
17,136499,,74.897705078125,,,,,
17,136549,,67.22199249267578,,,,,
17,136599,,70.759765625,,,,,
17,136649,,61.066585540771484,,,,,
17,136699,,60.856231689453125,,,,,
17,136749,,152.61415100097656,,,,,
17,136799,,70.66553497314453,,,,,
17,136849,,90.2538833618164,,,,,
17,136899,,126.75699615478516,,,,,
17,136949,,59.0251579284668,,,,,
17,136999,,92.12188720703125,,,,,
17,137049,,93.083251953125,,,,,
17,137099,,121.216064453125,,,,,
17,137149,,107.32266998291016,,,,,
17,137199,,42.05464553833008,,,,,
17,137249,,110.04732513427734,,,,,
17,137299,,72.4407958984375,,,,,
17,137349,,64.33259582519531,,,,,
17,137399,,86.48138427734375,,,,,
17,137449,,239.32920837402344,,,,,
17,137499,,64.08343505859375,,,,,
17,137549,,354.1371765136719,,,,,
17,137599,,56.46039962768555,,,,,
17,137649,,67.38631439208984,,,,,
17,137699,,62.96003341674805,,,,,
17,137749,,60.7161979675293,,,,,
17,137799,,79.44824981689453,,,,,
17,137849,,76.08155059814453,,,,,
17,137899,,128.3266143798828,,,,,
17,137949,,52.61761474609375,,,,,
17,137999,,96.11026763916016,,,,,
17,138049,,116.32918548583984,,,,,
17,138099,,89.35950469970703,,,,,
17,138149,,57.4708366394043,,,,,
17,138199,,79.5858383178711,,,,,
17,138249,,93.37117767333984,,,,,
17,138299,,113.96080780029297,,,,,
17,138349,,121.47250366210938,,,,,
17,138399,,84.0183334350586,,,,,
17,138449,,71.53975677490234,,,,,
17,138499,,58.113643646240234,,,,,
17,138549,,81.59834289550781,,,,,
17,138599,,217.78440856933594,,,,,
17,138649,,57.0108757019043,,,,,
17,138699,,61.1576042175293,,,,,
17,138749,,123.9020004272461,,,,,
17,138799,,143.2302703857422,,,,,
17,138849,,164.26382446289062,,,,,
17,138899,,57.61977005004883,,,,,
17,138949,,54.05682373046875,,,,,
17,138999,,133.1731414794922,,,,,
17,139049,,77.21755981445312,,,,,
17,139099,,108.9322738647461,,,,,
17,139149,,64.55794525146484,,,,,
17,139199,,64.38616180419922,,,,,
17,139249,,79.41918182373047,,,,,
17,139299,,94.48246002197266,,,,,
17,139349,,54.703372955322266,,,,,
17,139399,,141.2498321533203,,,,,
17,139449,,140.60418701171875,,,,,
17,139499,,88.02161407470703,,,,,
17,139549,,339.0025939941406,,,,,
17,139599,,44.492095947265625,,,,,
17,139649,,126.76078033447266,,,,,
17,139699,,90.1205825805664,,,,,
17,139749,,140.78964233398438,,,,,
17,139799,,76.59375,,,,,
17,139849,,134.8754425048828,,,,,
17,139899,,249.66778564453125,,,,,
17,139949,,76.40470123291016,,,,,
17,139999,,82.09298706054688,,,,,
17,140049,,107.708740234375,,,,,
17,140099,,100.5538101196289,,,,,
17,140149,,94.93338775634766,,,,,
17,140199,,62.810909271240234,,,,,
17,140249,,116.68184661865234,,,,,
17,140299,,64.13815307617188,,,,,
17,140349,,104.89165496826172,,,,,
17,140399,,49.25532150268555,,,,,
17,140449,,47.8289909362793,,,,,
17,140499,,97.45745086669922,,,,,
17,140549,,197.1431121826172,,,,,
17,140599,,155.98643493652344,,,,,
17,140649,,212.303955078125,,,,,
17,140699,,49.33210372924805,,,,,
17,140749,,62.71011734008789,,,,,
17,140799,,58.6396484375,,,,,
17,140849,,58.05986022949219,,,,,
17,140899,,107.7643814086914,,,,,
17,140949,,73.51239013671875,,,,,
17,140999,,147.736572265625,,,,,
17,141049,,85.43668365478516,,,,,
17,141099,,118.35717010498047,,,,,
17,141149,,86.01090240478516,,,,,
17,141199,,54.7650260925293,,,,,
17,141249,,234.0934600830078,,,,,
17,141299,,88.62633514404297,,,,,
17,141349,,89.3134536743164,,,,,
17,141399,,71.2085952758789,,,,,
17,141449,,126.22150421142578,,,,,
17,141499,,57.41334915161133,,,,,
17,141549,,391.239990234375,,,,,
17,141599,,133.43650817871094,,,,,
17,141649,,73.23265838623047,,,,,
17,141699,,178.27122497558594,,,,,
17,141749,,143.9573974609375,,,,,
17,141799,,70.70952606201172,,,,,
17,141849,,81.0911636352539,,,,,
17,141899,,63.14097595214844,,,,,
17,141949,,84.85879516601562,,,,,
17,141999,,60.84693908691406,,,,,
17,142049,,57.1833381652832,,,,,
17,142099,,78.83167266845703,,,,,
17,142149,,103.4643783569336,,,,,
17,142199,,74.4427719116211,,,,,
17,142249,,85.9659652709961,,,,,
17,142299,,215.92161560058594,,,,,
17,142349,,71.21546173095703,,,,,
17,142399,,51.93149948120117,,,,,
17,142449,,70.9827651977539,,,,,
17,142499,,89.3603744506836,,,,,
17,142549,,47.53914260864258,,,,,
17,142599,,69.37548065185547,,,,,
17,142649,,108.21009063720703,,,,,
17,142699,,70.2112045288086,,,,,
17,142749,,217.24993896484375,,,,,
17,142799,,362.9900207519531,,,,,
17,142849,,183.97314453125,,,,,
17,142899,,95.43563842773438,,,,,
17,142949,,192.6781768798828,,,,,
17,142999,,236.19189453125,,,,,
17,143049,,166.2882843017578,,,,,
17,143099,,288.9640197753906,,,,,
17,143149,,72.65267181396484,,,,,
17,143199,,125.53748321533203,,,,,
17,143249,,73.1114273071289,,,,,
17,143299,,459.736328125,,,,,
17,143349,,67.74486541748047,,,,,
17,143399,,81.86729431152344,,,,,
17,143449,,149.4306182861328,,,,,
17,143499,,123.15042877197266,,,,,
17,143549,,211.3287353515625,,,,,
17,143599,,67.86933135986328,,,,,
17,143649,,225.420166015625,,,,,
17,143693,,,54.30264663696289,39188.1953125,79.29107666015625,0.11470670998096466,39.385108947753906
17,143693,105.11583709716797,,,,,,
18,143699,,58.02629470825195,,,,,
18,143749,,89.62261199951172,,,,,
18,143799,,99.27143096923828,,,,,
18,143849,,72.18875885009766,,,,,
18,143899,,142.6839141845703,,,,,
18,143949,,104.887451171875,,,,,
18,143999,,434.508056640625,,,,,
18,144049,,106.57537841796875,,,,,
18,144099,,128.53147888183594,,,,,
18,144149,,88.19782257080078,,,,,
18,144199,,79.86077880859375,,,,,
18,144249,,148.37237548828125,,,,,
18,144299,,136.372802734375,,,,,
18,144349,,140.78094482421875,,,,,
18,144399,,68.14969635009766,,,,,
18,144449,,73.3443832397461,,,,,
18,144499,,61.96010208129883,,,,,
18,144549,,107.74913787841797,,,,,
18,144599,,78.42759704589844,,,,,
18,144649,,100.1967544555664,,,,,
18,144699,,65.21611022949219,,,,,
18,144749,,68.13243865966797,,,,,
18,144799,,140.20684814453125,,,,,
18,144849,,61.483890533447266,,,,,
18,144899,,78.83403015136719,,,,,
18,144949,,47.33902359008789,,,,,
18,144999,,61.83626174926758,,,,,
18,145049,,120.13821411132812,,,,,
18,145099,,146.0227813720703,,,,,
18,145149,,160.4482421875,,,,,
18,145199,,106.39368438720703,,,,,
18,145249,,245.3265838623047,,,,,
18,145299,,83.71026611328125,,,,,
18,145349,,43.517032623291016,,,,,
18,145399,,91.18331146240234,,,,,
18,145449,,99.9676284790039,,,,,
18,145499,,90.6957015991211,,,,,
18,145549,,72.37505340576172,,,,,
18,145599,,74.8833999633789,,,,,
18,145649,,70.59749603271484,,,,,
18,145699,,169.67857360839844,,,,,
18,145749,,64.81397247314453,,,,,
18,145799,,85.952392578125,,,,,
18,145849,,64.87622833251953,,,,,
18,145899,,99.99285888671875,,,,,
18,145949,,85.08431243896484,,,,,
18,145999,,123.69342041015625,,,,,
18,146049,,122.00411224365234,,,,,
18,146099,,168.48895263671875,,,,,
18,146149,,111.76681518554688,,,,,
18,146199,,77.24795532226562,,,,,
18,146249,,321.6320495605469,,,,,
18,146299,,143.92654418945312,,,,,
18,146349,,107.97843170166016,,,,,
18,146399,,76.53356170654297,,,,,
18,146449,,49.08119583129883,,,,,
18,146499,,68.28982543945312,,,,,
18,146549,,141.16648864746094,,,,,
18,146599,,82.03429412841797,,,,,
18,146649,,100.07552337646484,,,,,
18,146699,,79.41446685791016,,,,,
18,146749,,198.3592987060547,,,,,
18,146799,,71.33261108398438,,,,,
18,146849,,119.20990753173828,,,,,
18,146899,,94.71548461914062,,,,,
18,146949,,129.2091522216797,,,,,
18,146999,,63.41489791870117,,,,,
18,147049,,110.97388458251953,,,,,
18,147099,,64.79009246826172,,,,,
18,147149,,56.376983642578125,,,,,
18,147199,,112.23717498779297,,,,,
18,147249,,148.92352294921875,,,,,
18,147299,,47.6931266784668,,,,,
18,147349,,91.14263153076172,,,,,
18,147399,,85.06885528564453,,,,,
18,147449,,48.0886344909668,,,,,
18,147499,,84.88933563232422,,,,,
18,147549,,73.25846099853516,,,,,
18,147599,,138.12632751464844,,,,,
18,147649,,75.82213592529297,,,,,
18,147699,,147.167724609375,,,,,
18,147749,,156.27447509765625,,,,,
18,147799,,98.9818344116211,,,,,
18,147849,,241.59996032714844,,,,,
18,147899,,73.82791900634766,,,,,
18,147949,,115.0713119506836,,,,,
18,147999,,239.9333038330078,,,,,
18,148049,,63.43703842163086,,,,,
18,148099,,95.839599609375,,,,,
18,148149,,78.03231048583984,,,,,
18,148199,,60.71785354614258,,,,,
18,148249,,100.80199432373047,,,,,
18,148299,,175.1980743408203,,,,,
18,148349,,88.10064697265625,,,,,
18,148399,,76.5275650024414,,,,,
18,148449,,58.10343551635742,,,,,
18,148499,,62.45772171020508,,,,,
18,148549,,65.81153106689453,,,,,
18,148599,,95.26166534423828,,,,,
18,148649,,58.471126556396484,,,,,
18,148699,,87.020263671875,,,,,
18,148749,,163.66932678222656,,,,,
18,148799,,58.36518859863281,,,,,
18,148849,,88.94216918945312,,,,,
18,148899,,72.28167724609375,,,,,
18,148949,,53.17887878417969,,,,,
18,148999,,132.47654724121094,,,,,
18,149049,,175.29296875,,,,,
18,149099,,77.275390625,,,,,
18,149149,,78.6611099243164,,,,,
18,149199,,82.27620697021484,,,,,
18,149249,,116.32452392578125,,,,,
18,149299,,92.330810546875,,,,,
18,149349,,68.65292358398438,,,,,
18,149399,,91.23551177978516,,,,,
18,149449,,103.6545639038086,,,,,
18,149499,,81.00244140625,,,,,
18,149549,,65.7640151977539,,,,,
18,149599,,54.5225944519043,,,,,
18,149649,,207.7869110107422,,,,,
18,149699,,62.52762985229492,,,,,
18,149749,,87.7264404296875,,,,,
18,149799,,123.67962646484375,,,,,
18,149849,,224.4083709716797,,,,,
18,149899,,50.81871032714844,,,,,
18,149949,,73.68485260009766,,,,,
18,149999,,99.4859390258789,,,,,
18,150049,,85.0059814453125,,,,,
18,150099,,74.19358825683594,,,,,
18,150149,,137.49607849121094,,,,,
18,150199,,58.72825241088867,,,,,
18,150249,,223.471435546875,,,,,
18,150299,,83.13388061523438,,,,,
18,150349,,93.0450439453125,,,,,
18,150399,,81.32833862304688,,,,,
18,150449,,136.5711212158203,,,,,
18,150499,,83.44839477539062,,,,,
18,150549,,75.83979034423828,,,,,
18,150599,,157.4137420654297,,,,,
18,150649,,53.31304931640625,,,,,
18,150699,,128.09829711914062,,,,,
18,150749,,166.6009063720703,,,,,
18,150799,,157.2212677001953,,,,,
18,150849,,107.2842788696289,,,,,
18,150899,,105.11975860595703,,,,,
18,150949,,64.4335708618164,,,,,
18,150999,,63.38140869140625,,,,,
18,151049,,267.9073181152344,,,,,
18,151099,,101.22229766845703,,,,,
18,151149,,169.68121337890625,,,,,
18,151199,,49.00975036621094,,,,,
18,151249,,84.35794830322266,,,,,
18,151299,,140.31187438964844,,,,,
18,151349,,70.2245864868164,,,,,
18,151399,,162.78965759277344,,,,,
18,151449,,86.42398834228516,,,,,
18,151499,,73.52930450439453,,,,,
18,151549,,88.2601089477539,,,,,
18,151599,,80.5035629272461,,,,,
18,151649,,438.484619140625,,,,,
18,151676,,,55.50157928466797,45947.078125,80.9429931640625,0.11169897764921188,40.099609375
18,151676,105.10830688476562,,,,,,
